{"type":"FeatureCollection","name":"Mumbai toponymy","city":{"name":"Mumbai","coords":[19.076,72.8777],"zoom":11},"shade_of":{"layout":0,"colony":1,"block":2,"stage":3,"village":4,"garden":5,"west":5,"east":5,"town":5,"sector":5,"park":5,"phase":5,"extension":5,"hill":5,"city":5,"enclave":5,"estate":5,"society":5,"township":5,"complex":5,"quarters":5,"field":5,"market":5,"square":5,"orchard":5,"camp":5,"compound":5,"bungalows":5,"lines":5,"zone":5,"circle":5,"grounds":5,"plantation":5,"reclamation":5,"bandstand":5,"gate":5,"green":5,"parade":5,"fort":5,"plot":5,"scheme":5,"point":5,"nagar":0,"pura":1,"wada":2,"pada":3,"koliwada":4,"gaon":5,"bandar":5,"bazaar":5,"devi":5,"gaothan":5,"ghat":5,"dongri":5,"khadi":5,"deo":5,"dham":5,"tekdi":5,"gadh":5,"van":5,"chawl":5,"eshwar":5,"vali":5,"kop":5,"mandir":5,"chowki":5,"khadak":5,"khadan":5,"kendra":5,"mithagar":5,"mati":5,"sar":5,"sagar":5,"naka":5,"oli":5,"shrushti":5,"pakhadi":5,"halli":0,"palya":1,"sandra":2,"ur":3,"pet":4,"eri":5,"agrahara":5,"kere":5,"kunte":5,"kaval":5,"mangala":5,"godi":5,"guppe":5,"byrathi":5,"bande":5,"aram":5,"mavu":5,"gudi":5,"ghatta":5,"kallu":5,"kundi":5,"hatti":5,"giri":5,"madu":5,"doddi":5,"thota":5,"bhavi":5,"vara":5,"dinne":5,"cheri":5,"katte":5,"kodi":5,"bagh":0,"khane":1,"mohalla":2,"mahal":3,"qila":4,"khurd":5,"Simplex":0},"features":[{"type":"Feature","properties":{"n":"Aagri Pada","s":"pada","lem":"pada","m":"Hamlet / Village","l":"Marathi","lf":"Indo-Aryan","cf":"red","sc":"settlement","sg":"settlement","cn":"attested","brand":0,"sh":3,"gsrc":"point","lat":19.083721,"lon":72.847401},"geometry":{"type":"Point","coordinates":[72.847401,19.083721]}},{"type":"Feature","properties":{"n":"Aarey Milk Colony","s":"colony","lem":"colony","m":"Settlement","l":"English","lf":"English","cf":"blue","sc":"planned_administrative","sg":"planned_admin","cn":"attested","brand":0,"sh":1,"gsrc":"point","lat":19.156129,"lon":72.870722},"geometry":{"type":"Point","coordinates":[72.870722,19.156129]}},{"type":"Feature","properties":{"n":"Abhyudaya Nagar","s":"nagar","lem":"nagar","m":"City","l":"Sanskrit","lf":"Indo-Aryan","cf":"red","sc":"settlement","sg":"settlement","cn":"attested","brand":0,"sh":0,"gsrc":"osm_place","lat":18.990133,"lon":72.844696},"geometry":{"type":"Polygon","coordinates":[[[72.84209,18.98576],[72.8417,18.9873],[72.84159,18.98797],[72.84125,18.98873],[72.84163,18.99076],[72.8418,18.99182],[72.84216,18.99255],[72.84245,18.9928],[72.84365,18.99296],[72.84385,18.99299],[72.84446,18.99332],[72.84486,18.99385],[72.8451,18.99446],[72.84617,18.99451],[72.84653,18.99434],[72.84779,18.99416],[72.8478,18.99405],[72.84762,18.99393],[72.84751,18.99378],[72.84744,18.99359],[72.84739,18.99285],[72.84814,18.99265],[72.8477,18.99182],[72.84735,18.991],[72.84681,18.99068],[72.84648,18.99027],[72.84645,18.99],[72.84623,18.98949],[72.84585,18.98893],[72.84537,18.98855],[72.84361,18.98735],[72.84275,18.9867],[72.84236,18.98619],[72.84217,18.98578],[72.84209,18.98576]]]}},{"type":"Feature","properties":{"n":"Adarsh Nagar","s":"nagar","lem":"nagar","m":"City","l":"Sanskrit","lf":"Indo-Aryan","cf":"red","sc":"settlement","sg":"settlement","cn":"attested","brand":1,"sh":0,"gsrc":"point","lat":19.06031,"lon":72.928112},"geometry":{"type":"Point","coordinates":[72.928112,19.06031]}},{"type":"Feature","properties":{"n":"Adarsh Nagar","s":"nagar","lem":"nagar","m":"City","l":"Sanskrit","lf":"Indo-Aryan","cf":"red","sc":"settlement","sg":"settlement","cn":"attested","brand":1,"sh":0,"gsrc":"point","lat":19.060807,"lon":72.907966},"geometry":{"type":"Point","coordinates":[72.907966,19.060807]}},{"type":"Feature","properties":{"n":"Adarsh Nagar","s":"nagar","lem":"nagar","m":"City","l":"Sanskrit","lf":"Indo-Aryan","cf":"red","sc":"settlement","sg":"settlement","cn":"attested","brand":1,"sh":0,"gsrc":"point","lat":19.062215,"lon":72.828958},"geometry":{"type":"Point","coordinates":[72.828958,19.062215]}},{"type":"Feature","properties":{"n":"Adarsh Nagar","s":"nagar","lem":"nagar","m":"City","l":"Sanskrit","lf":"Indo-Aryan","cf":"red","sc":"settlement","sg":"settlement","cn":"attested","brand":1,"sh":0,"gsrc":"point","lat":19.145064,"lon":72.830288},"geometry":{"type":"Point","coordinates":[72.830288,19.145064]}},{"type":"Feature","properties":{"n":"Adarsh Nagar","s":"nagar","lem":"nagar","m":"City","l":"Sanskrit","lf":"Indo-Aryan","cf":"red","sc":"settlement","sg":"settlement","cn":"attested","brand":1,"sh":0,"gsrc":"point","lat":19.150601,"lon":72.883065},"geometry":{"type":"Point","coordinates":[72.883065,19.150601]}},{"type":"Feature","properties":{"n":"Adivasi Colony","s":"colony","lem":"colony","m":"Settlement","l":"English","lf":"English","cf":"blue","sc":"planned_administrative","sg":"planned_admin","cn":"attested","brand":0,"sh":1,"gsrc":"point","lat":19.167214,"lon":72.929871},"geometry":{"type":"Point","coordinates":[72.929871,19.167214]}},{"type":"Feature","properties":{"n":"Adivasi Nagar","s":"nagar","lem":"nagar","m":"City","l":"Sanskrit","lf":"Indo-Aryan","cf":"red","sc":"settlement","sg":"settlement","cn":"attested","brand":0,"sh":0,"gsrc":"point","lat":19.164506,"lon":72.887313},"geometry":{"type":"Point","coordinates":[72.887313,19.164506]}},{"type":"Feature","properties":{"n":"Agaripada","s":"pada","lem":"pada","m":"Hamlet / Village","l":"Marathi","lf":"Indo-Aryan","cf":"red","sc":"settlement","sg":"settlement","cn":"attested","brand":0,"sh":3,"gsrc":"point","lat":19.155105,"lon":72.882927},"geometry":{"type":"Point","coordinates":[72.882927,19.155105]}},{"type":"Feature","properties":{"n":"Agarwada Colony","s":"colony","lem":"colony","m":"Settlement","l":"English","lf":"English","cf":"blue","sc":"planned_administrative","sg":"planned_admin","cn":"attested","brand":0,"sh":1,"gsrc":"point","lat":19.040076,"lon":72.863147},"geometry":{"type":"Point","coordinates":[72.863147,19.040076]}},{"type":"Feature","properties":{"n":"Agarwadi Gaon","s":"gaon","lem":"gaon","m":"Village","l":"Marathi","lf":"Indo-Aryan","cf":"red","sc":"settlement","sg":"settlement","cn":"attested","brand":0,"sh":5,"gsrc":"point","lat":19.048387,"lon":72.926012},"geometry":{"type":"Point","coordinates":[72.926012,19.048387]}},{"type":"Feature","properties":{"n":"Aghadi Nagar","s":"nagar","lem":"nagar","m":"City","l":"Sanskrit","lf":"Indo-Aryan","cf":"red","sc":"settlement","sg":"settlement","cn":"attested","brand":0,"sh":0,"gsrc":"point","lat":19.126836,"lon":72.859733},"geometry":{"type":"Point","coordinates":[72.859733,19.126836]}},{"type":"Feature","properties":{"n":"Agripada","s":"pada","lem":"pada","m":"Hamlet / Village","l":"Marathi","lf":"Indo-Aryan","cf":"red","sc":"settlement","sg":"settlement","cn":"attested","brand":0,"sh":3,"gsrc":"point","lat":18.97504,"lon":72.825056},"geometry":{"type":"Point","coordinates":[72.825056,18.97504]}},{"type":"Feature","properties":{"n":"Amar Nagar","s":"nagar","lem":"nagar","m":"City","l":"Sanskrit","lf":"Indo-Aryan","cf":"red","sc":"settlement","sg":"settlement","cn":"attested","brand":0,"sh":0,"gsrc":"point","lat":19.16823,"lon":72.932479},"geometry":{"type":"Point","coordinates":[72.932479,19.16823]}},{"type":"Feature","properties":{"n":"Ambapada","s":"pada","lem":"pada","m":"Hamlet / Village","l":"Marathi","lf":"Indo-Aryan","cf":"red","sc":"settlement","sg":"settlement","cn":"attested","brand":0,"sh":3,"gsrc":"point","lat":19.011537,"lon":72.890589},"geometry":{"type":"Point","coordinates":[72.890589,19.011537]}},{"type":"Feature","properties":{"n":"Ambedkar Colony","s":"colony","lem":"colony","m":"Settlement","l":"English","lf":"English","cf":"blue","sc":"planned_administrative","sg":"planned_admin","cn":"attested","brand":0,"sh":1,"gsrc":"point","lat":19.072992,"lon":72.828432},"geometry":{"type":"Point","coordinates":[72.828432,19.072992]}},{"type":"Feature","properties":{"n":"Ambedkar Nagar","s":"nagar","lem":"nagar","m":"City","l":"Sanskrit","lf":"Indo-Aryan","cf":"red","sc":"settlement","sg":"settlement","cn":"attested","brand":0,"sh":0,"gsrc":"point","lat":19.003999,"lon":72.84751},"geometry":{"type":"Point","coordinates":[72.84751,19.003999]}},{"type":"Feature","properties":{"n":"Ambedkar Nagar","s":"nagar","lem":"nagar","m":"City","l":"Sanskrit","lf":"Indo-Aryan","cf":"red","sc":"settlement","sg":"settlement","cn":"attested","brand":0,"sh":0,"gsrc":"point","lat":19.060931,"lon":72.906534},"geometry":{"type":"Point","coordinates":[72.906534,19.060931]}},{"type":"Feature","properties":{"n":"Ambedkar Nagar","s":"nagar","lem":"nagar","m":"City","l":"Sanskrit","lf":"Indo-Aryan","cf":"red","sc":"settlement","sg":"settlement","cn":"attested","brand":0,"sh":0,"gsrc":"point","lat":19.070822,"lon":72.828865},"geometry":{"type":"Point","coordinates":[72.828865,19.070822]}},{"type":"Feature","properties":{"n":"Ambewadi","s":"wadi","lem":"wada","m":"Ground surrounded by large structures","l":"Marathi","lf":"Indo-Aryan","cf":"red","sc":"dwelling","sg":"built_social","cn":"attested","brand":0,"sh":2,"gsrc":"point","lat":18.990666,"lon":72.841256},"geometry":{"type":"Point","coordinates":[72.841256,18.990666]}},{"type":"Feature","properties":{"n":"Amrut Nagar","s":"nagar","lem":"nagar","m":"City","l":"Sanskrit","lf":"Indo-Aryan","cf":"red","sc":"settlement","sg":"settlement","cn":"attested","brand":0,"sh":0,"gsrc":"point","lat":19.100845,"lon":72.91182},"geometry":{"type":"Point","coordinates":[72.91182,19.100845]}},{"type":"Feature","properties":{"n":"Anand Nagar","s":"nagar","lem":"nagar","m":"City","l":"Sanskrit","lf":"Indo-Aryan","cf":"red","sc":"settlement","sg":"settlement","cn":"attested","brand":0,"sh":0,"gsrc":"point","lat":19.081363,"lon":72.848189},"geometry":{"type":"Point","coordinates":[72.848189,19.081363]}},{"type":"Feature","properties":{"n":"Anand nagar","s":"nagar","lem":"nagar","m":"City","l":"Sanskrit","lf":"Indo-Aryan","cf":"red","sc":"settlement","sg":"settlement","cn":"attested","brand":0,"sh":0,"gsrc":"point","lat":19.099383,"lon":72.911593},"geometry":{"type":"Point","coordinates":[72.911593,19.099383]}},{"type":"Feature","properties":{"n":"Anand Nagar","s":"nagar","lem":"nagar","m":"City","l":"Sanskrit","lf":"Indo-Aryan","cf":"red","sc":"settlement","sg":"settlement","cn":"attested","brand":0,"sh":0,"gsrc":"point","lat":19.256188,"lon":72.863517},"geometry":{"type":"Point","coordinates":[72.863517,19.256188]}},{"type":"Feature","properties":{"n":"Anandgadh","s":"gadh","lem":"gadh","m":"Fort","l":"Marathi","lf":"Indo-Aryan","cf":"red","sc":"fortification","sg":"built_social","cn":"attested","brand":0,"sh":5,"gsrc":"point","lat":19.107146,"lon":72.914473},"geometry":{"type":"Point","coordinates":[72.914473,19.107146]}},{"type":"Feature","properties":{"n":"Andheri East","s":"east","lem":"east","m":"Direction","l":"English","lf":"English","cf":"blue","sc":"planned_administrative","sg":"planned_admin","cn":"attested","brand":0,"sh":5,"gsrc":"point","lat":19.115883,"lon":72.854202},"geometry":{"type":"Point","coordinates":[72.854202,19.115883]}},{"type":"Feature","properties":{"n":"Andheri West","s":"west","lem":"west","m":"Direction","l":"English","lf":"English","cf":"blue","sc":"planned_administrative","sg":"planned_admin","cn":"attested","brand":0,"sh":5,"gsrc":"point","lat":19.117249,"lon":72.833968},"geometry":{"type":"Point","coordinates":[72.833968,19.117249]}},{"type":"Feature","properties":{"n":"Anik Gaon","s":"gaon","lem":"gaon","m":"Village","l":"Marathi","lf":"Indo-Aryan","cf":"red","sc":"settlement","sg":"settlement","cn":"attested","brand":0,"sh":5,"gsrc":"point","lat":19.028753,"lon":72.898422},"geometry":{"type":"Point","coordinates":[72.898422,19.028753]}},{"type":"Feature","properties":{"n":"Anik Nagar","s":"nagar","lem":"nagar","m":"City","l":"Sanskrit","lf":"Indo-Aryan","cf":"red","sc":"settlement","sg":"settlement","cn":"attested","brand":0,"sh":0,"gsrc":"point","lat":19.046484,"lon":72.87613},"geometry":{"type":"Point","coordinates":[72.87613,19.046484]}},{"type":"Feature","properties":{"n":"Anjeer Wadi","s":"wadi","lem":"wada","m":"Ground surrounded by large structures","l":"Marathi","lf":"Indo-Aryan","cf":"red","sc":"dwelling","sg":"built_social","cn":"attested","brand":0,"sh":2,"gsrc":"point","lat":18.973644,"lon":72.840777},"geometry":{"type":"Point","coordinates":[72.840777,18.973644]}},{"type":"Feature","properties":{"n":"Annabhau Sathe Nagar","s":"nagar","lem":"nagar","m":"City","l":"Sanskrit","lf":"Indo-Aryan","cf":"red","sc":"settlement","sg":"settlement","cn":"attested","brand":0,"sh":0,"gsrc":"point","lat":19.053579,"lon":72.929478},"geometry":{"type":"Point","coordinates":[72.929478,19.053579]}},{"type":"Feature","properties":{"n":"Antop Hill","s":"hill","lem":"hill","m":"Hill","l":"English","lf":"English","cf":"blue","sc":"topography","sg":"land","cn":"attested","brand":0,"sh":5,"gsrc":"point","lat":19.023946,"lon":72.868547},"geometry":{"type":"Point","coordinates":[72.868547,19.023946]}},{"type":"Feature","properties":{"n":"Anushakti Nagar","s":"nagar","lem":"nagar","m":"City","l":"Sanskrit","lf":"Indo-Aryan","cf":"red","sc":"settlement","sg":"settlement","cn":"attested","brand":0,"sh":0,"gsrc":"osm_place","lat":19.039578,"lon":72.922156},"geometry":{"type":"Polygon","coordinates":[[[72.91423,19.04406],[72.91593,19.04329],[72.91699,19.04307],[72.91699,19.04272],[72.91724,19.04285],[72.91871,19.04257],[72.91871,19.04246],[72.9192,19.04248],[72.91939,19.04401],[72.92065,19.04369],[72.92074,19.04367],[72.92256,19.04321],[72.92317,19.0431],[72.92482,19.04294],[72.9248,19.04274],[72.92493,19.04274],[72.92521,19.04273],[72.9254,19.04271],[72.92541,19.04289],[72.92587,19.04285],[72.92584,19.04245],[72.92638,19.04242],[72.92637,19.0423],[72.92635,19.04203],[72.92755,19.04195],[72.92758,19.04234],[72.92768,19.04254],[72.92781,19.04253],[72.92779,19.04217],[72.92774,19.04217],[72.92772,19.04195],[72.92863,19.04189],[72.92867,19.04237],[72.9287,19.04266],[72.92945,19.04266],[72.92946,19.04276],[72.92966,19.04274],[72.93,19.04265],[72.9301,19.04263],[72.93019,19.04261],[72.93098,19.04249],[72.93344,19.04202],[72.93504,19.0417],[72.93503,19.04064],[72.93534,19.03983],[72.9353,19.0392],[72.93523,19.03798],[72.93599,19.03708],[72.93598,19.03705],[72.93587,19.03667],[72.936,19.03633],[72.93515,19.03596],[72.93465,19.03689],[72.93444,19.03726],[72.93353,19.03743],[72.93277,19.037],[72.93142,19.03484],[72.93147,19.03367],[72.93007,19.03133],[72.92965,19.03147],[72.92918,19.03082],[72.92861,19.03023],[72.92573,19.02895],[72.9253,19.02876],[72.92518,19.02814],[72.92479,19.02811],[72.9247,19.02852],[72.92442,19.02852],[72.92437,19.0279],[72.92322,19.0278],[72.92305,19.02841],[72.92241,19.02862],[72.92164,19.02862],[72.92147,19.02915],[72.92188,19.0295],[72.92302,19.02981],[72.92262,19.03059],[72.92202,19.03077],[72.92137,19.03138],[72.9209,19.03211],[72.92015,19.03277],[72.91944,19.03393],[72.91788,19.03597],[72.91676,19.03668],[72.91548,19.03624],[72.91499,19.03629],[72.91483,19.03642],[72.91486,19.03741],[72.91455,19.03861],[72.91421,19.03879],[72.91384,19.03868],[72.91271,19.03829],[72.91189,19.03619],[72.91117,19.03642],[72.91096,19.0352],[72.91067,19.03311],[72.90983,19.0337],[72.90947,19.03378],[72.90941,19.03371],[72.90871,19.03251],[72.90833,19.03247],[72.90777,19.03271],[72.90762,19.03266],[72.90617,19.03498],[72.90728,19.03549],[72.90805,19.03549],[72.90816,19.03559],[72.90977,19.03704],[72.90979,19.03712],[72.90978,19.03724],[72.90968,19.03825],[72.90938,19.03954],[72.91013,19.03962],[72.91022,19.03948],[72.91136,19.03941],[72.91196,19.03944],[72.91267,19.03983],[72.91371,19.04087],[72.91387,19.04161],[72.91315,19.04192],[72.91357,19.04302],[72.91395,19.04361],[72.91423,19.04406]]]}},{"type":"Feature","properties":{"n":"Apollo Bandar","s":"bandar","lem":"bandar","m":"Harbor / Port","l":"Marathi","lf":"Indo-Aryan","cf":"red","sc":"infrastructure","sg":"built_social","cn":"attested","brand":0,"sh":5,"gsrc":"point","lat":18.922881,"lon":72.833685},"geometry":{"type":"Point","coordinates":[72.833685,18.922881]}},{"type":"Feature","properties":{"n":"Appapada","s":"pada","lem":"pada","m":"Hamlet / Village","l":"Marathi","lf":"Indo-Aryan","cf":"red","sc":"settlement","sg":"settlement","cn":"attested","brand":0,"sh":3,"gsrc":"point","lat":19.189617,"lon":72.872984},"geometry":{"type":"Point","coordinates":[72.872984,19.189617]}},{"type":"Feature","properties":{"n":"Aram Nagar 2","s":"nagar","lem":"nagar","m":"City","l":"Sanskrit","lf":"Indo-Aryan","cf":"red","sc":"settlement","sg":"settlement","cn":"attested","brand":0,"sh":0,"gsrc":"point","lat":19.133987,"lon":72.813382},"geometry":{"type":"Point","coordinates":[72.813382,19.133987]}},{"type":"Feature","properties":{"n":"Aramnagar Part 1","s":"Other","lem":"Other","m":"Unresolved","l":"Unknown","lf":"Other","cf":"grey","sc":"other","sg":"unresolved","cn":"unresolved","brand":0,"sh":5,"gsrc":"point","lat":19.13195,"lon":72.814733},"geometry":{"type":"Point","coordinates":[72.814733,19.13195]}},{"type":"Feature","properties":{"n":"Asalpha","s":"\u2014","lem":"Simplex","m":"Single morpheme, no suffix","l":"Pre-suffixal","lf":"Other","cf":"grey","sc":"simplex","sg":"simplex","cn":"attested","brand":0,"sh":0,"gsrc":"point","lat":19.097,"lon":72.8945},"geometry":{"type":"Point","coordinates":[72.8945,19.097]}},{"type":"Feature","properties":{"n":"Ashish Complex","s":"complex","lem":"complex","m":"Group of connected buildings","l":"English","lf":"English","cf":"blue","sc":"planned_administrative","sg":"planned_admin","cn":"attested","brand":0,"sh":5,"gsrc":"point","lat":19.260947,"lon":72.86259},"geometry":{"type":"Point","coordinates":[72.86259,19.260947]}},{"type":"Feature","properties":{"n":"Ashok Nagar","s":"nagar","lem":"nagar","m":"City","l":"Sanskrit","lf":"Indo-Aryan","cf":"red","sc":"settlement","sg":"settlement","cn":"attested","brand":0,"sh":0,"gsrc":"point","lat":19.106702,"lon":72.829123},"geometry":{"type":"Point","coordinates":[72.829123,19.106702]}},{"type":"Feature","properties":{"n":"Ashokvan","s":"van","lem":"van","m":"Garden","l":"Sanskrit","lf":"Indo-Aryan","cf":"red","sc":"flora_agriculture","sg":"land","cn":"attested","brand":0,"sh":5,"gsrc":"point","lat":19.2493,"lon":72.8712},"geometry":{"type":"Point","coordinates":[72.8712,19.2493]}},{"type":"Feature","properties":{"n":"Ashtavinayak Nagar","s":"nagar","lem":"nagar","m":"City","l":"Sanskrit","lf":"Indo-Aryan","cf":"red","sc":"settlement","sg":"settlement","cn":"attested","brand":0,"sh":0,"gsrc":"point","lat":19.229699,"lon":72.83936},"geometry":{"type":"Point","coordinates":[72.83936,19.229699]}},{"type":"Feature","properties":{"n":"Avdhut Nagar","s":"nagar","lem":"nagar","m":"City","l":"Sanskrit","lf":"Indo-Aryan","cf":"red","sc":"settlement","sg":"settlement","cn":"attested","brand":0,"sh":0,"gsrc":"point","lat":19.259269,"lon":72.862087},"geometry":{"type":"Point","coordinates":[72.862087,19.259269]}},{"type":"Feature","properties":{"n":"Azad Nagar","s":"nagar","lem":"nagar","m":"City","l":"Sanskrit","lf":"Indo-Aryan","cf":"red","sc":"settlement","sg":"settlement","cn":"attested","brand":0,"sh":0,"gsrc":"point","lat":19.09206,"lon":72.899401},"geometry":{"type":"Point","coordinates":[72.899401,19.09206]}},{"type":"Feature","properties":{"n":"Azad Nagar","s":"nagar","lem":"nagar","m":"City","l":"Sanskrit","lf":"Indo-Aryan","cf":"red","sc":"settlement","sg":"settlement","cn":"attested","brand":0,"sh":0,"gsrc":"point","lat":19.128315,"lon":72.840038},"geometry":{"type":"Point","coordinates":[72.840038,19.128315]}},{"type":"Feature","properties":{"n":"Azad Nagar","s":"nagar","lem":"nagar","m":"City","l":"Sanskrit","lf":"Indo-Aryan","cf":"red","sc":"settlement","sg":"settlement","cn":"attested","brand":0,"sh":0,"gsrc":"point","lat":19.164008,"lon":72.933786},"geometry":{"type":"Point","coordinates":[72.933786,19.164008]}},{"type":"Feature","properties":{"n":"Azad Nagar","s":"nagar","lem":"nagar","m":"City","l":"Sanskrit","lf":"Indo-Aryan","cf":"red","sc":"settlement","sg":"settlement","cn":"attested","brand":0,"sh":0,"gsrc":"point","lat":19.165798,"lon":72.955893},"geometry":{"type":"Point","coordinates":[72.955893,19.165798]}},{"type":"Feature","properties":{"n":"Babu Jagjivan Ram Nagar","s":"nagar","lem":"nagar","m":"City","l":"Sanskrit","lf":"Indo-Aryan","cf":"red","sc":"settlement","sg":"settlement","cn":"attested","brand":0,"sh":0,"gsrc":"point","lat":19.178885,"lon":72.953285},"geometry":{"type":"Point","coordinates":[72.953285,19.178885]}},{"type":"Feature","properties":{"n":"Bainga Wadi","s":"wadi","lem":"wada","m":"Ground surrounded by large structures","l":"Marathi","lf":"Indo-Aryan","cf":"red","sc":"dwelling","sg":"built_social","cn":"attested","brand":0,"sh":2,"gsrc":"point","lat":19.053781,"lon":72.935722},"geometry":{"type":"Point","coordinates":[72.935722,19.053781]}},{"type":"Feature","properties":{"n":"Bajaj Wadi","s":"wadi","lem":"wada","m":"Ground surrounded by large structures","l":"Marathi","lf":"Indo-Aryan","cf":"red","sc":"dwelling","sg":"built_social","cn":"attested","brand":0,"sh":2,"gsrc":"point","lat":19.081688,"lon":72.84008},"geometry":{"type":"Point","coordinates":[72.84008,19.081688]}},{"type":"Feature","properties":{"n":"Ballard Estate","s":"estate","lem":"estate","m":"Unknown","l":"English","lf":"English","cf":"blue","sc":"planned_administrative","sg":"planned_admin","cn":"speculative","brand":0,"sh":5,"gsrc":"point","lat":18.936651,"lon":72.839133},"geometry":{"type":"Point","coordinates":[72.839133,18.936651]}},{"type":"Feature","properties":{"n":"Bamanwada","s":"wada","lem":"wada","m":"Ground surrounded by large structures","l":"Marathi","lf":"Indo-Aryan","cf":"red","sc":"dwelling","sg":"built_social","cn":"attested","brand":0,"sh":2,"gsrc":"point","lat":19.103462,"lon":72.858561},"geometry":{"type":"Point","coordinates":[72.858561,19.103462]}},{"type":"Feature","properties":{"n":"Bandra East","s":"east","lem":"east","m":"Direction","l":"English","lf":"English","cf":"blue","sc":"planned_administrative","sg":"planned_admin","cn":"attested","brand":0,"sh":5,"gsrc":"point","lat":19.061657,"lon":72.849811},"geometry":{"type":"Point","coordinates":[72.849811,19.061657]}},{"type":"Feature","properties":{"n":"Bandra Kurla Complex","s":"complex","lem":"complex","m":"Group of connected buildings","l":"English","lf":"English","cf":"blue","sc":"planned_administrative","sg":"planned_admin","cn":"attested","brand":0,"sh":5,"gsrc":"point","lat":19.067115,"lon":72.865724},"geometry":{"type":"Point","coordinates":[72.865724,19.067115]}},{"type":"Feature","properties":{"n":"Bandra Reclamation","s":"reclamation","lem":"reclamation","m":"Reclaimed land","l":"English","lf":"English","cf":"blue","sc":"planned_administrative","sg":"planned_admin","cn":"attested","brand":0,"sh":5,"gsrc":"point","lat":19.051227,"lon":72.832601},"geometry":{"type":"Point","coordinates":[72.832601,19.051227]}},{"type":"Feature","properties":{"n":"Bandra West","s":"west","lem":"west","m":"Direction","l":"English","lf":"English","cf":"blue","sc":"planned_administrative","sg":"planned_admin","cn":"attested","brand":0,"sh":5,"gsrc":"osm_place","lat":19.058336,"lon":72.830267},"geometry":{"type":"Polygon","coordinates":[[[72.81857,19.04228],[72.81972,19.04191],[72.82185,19.04334],[72.822,19.04195],[72.82238,19.0406],[72.82248,19.04063],[72.8225,19.04135],[72.82275,19.04275],[72.82315,19.04292],[72.82364,19.04318],[72.82496,19.04381],[72.827,19.04472],[72.82788,19.04516],[72.82878,19.04589],[72.82943,19.04647],[72.82964,19.04669],[72.82987,19.04691],[72.83064,19.04808],[72.83271,19.04991],[72.83571,19.05037],[72.83843,19.05066],[72.84135,19.05151],[72.83898,19.0612],[72.83942,19.06664],[72.83975,19.06889],[72.83994,19.06988],[72.84008,19.07077],[72.84015,19.07157],[72.84083,19.07745],[72.84116,19.08058],[72.82498,19.08128],[72.82444,19.08151],[72.8242,19.08161],[72.824,19.08162],[72.8238,19.08152],[72.82275,19.08084],[72.82213,19.07788],[72.82205,19.07774],[72.82197,19.07758],[72.82153,19.07701],[72.82151,19.0768],[72.82197,19.07295],[72.82331,19.06534],[72.82175,19.06186],[72.8213,19.06135],[72.82122,19.061],[72.82022,19.05891],[72.82131,19.05778],[72.82267,19.0574],[72.82286,19.05742],[72.82334,19.05715],[72.82362,19.05673],[72.82397,19.05605],[72.82399,19.05476],[72.82282,19.05415],[72.8222,19.05341],[72.82084,19.04935],[72.81859,19.04453],[72.81823,19.0431],[72.81857,19.04228]]]}},{"type":"Feature","properties":{"n":"Bandstand","s":"bandstand","lem":"bandstand","m":"Bandstand promenade","l":"English","lf":"English","cf":"blue","sc":"infrastructure","sg":"built_social","cn":"attested","brand":0,"sh":5,"gsrc":"point","lat":19.050456,"lon":72.821861},"geometry":{"type":"Point","coordinates":[72.821861,19.050456]}},{"type":"Feature","properties":{"n":"Bangur Nagar","s":"nagar","lem":"nagar","m":"City","l":"Sanskrit","lf":"Indo-Aryan","cf":"red","sc":"settlement","sg":"settlement","cn":"attested","brand":0,"sh":0,"gsrc":"point","lat":19.168814,"lon":72.833678},"geometry":{"type":"Point","coordinates":[72.833678,19.168814]}},{"type":"Feature","properties":{"n":"Barkat Ali Nagar","s":"nagar","lem":"nagar","m":"City","l":"Sanskrit","lf":"Indo-Aryan","cf":"red","sc":"settlement","sg":"settlement","cn":"attested","brand":0,"sh":0,"gsrc":"point","lat":19.019254,"lon":72.868902},"geometry":{"type":"Point","coordinates":[72.868902,19.019254]}},{"type":"Feature","properties":{"n":"BDD Chawl","s":"chawl","lem":"chawl","m":"Tenement housing","l":"Marathi","lf":"Indo-Aryan","cf":"red","sc":"dwelling","sg":"built_social","cn":"attested","brand":0,"sh":5,"gsrc":"point","lat":18.992313,"lon":72.830506},"geometry":{"type":"Point","coordinates":[72.830506,18.992313]}},{"type":"Feature","properties":{"n":"Behram Baug","s":"baug","lem":"bagh","m":"Garden","l":"Persian","lf":"Perso-Arabic","cf":"purple","sc":"flora_agriculture","sg":"land","cn":"attested","brand":0,"sh":0,"gsrc":"point","lat":19.143244,"lon":72.835378},"geometry":{"type":"Point","coordinates":[72.835378,19.143244]}},{"type":"Feature","properties":{"n":"Behram Pada","s":"pada","lem":"pada","m":"Hamlet / Village","l":"Marathi","lf":"Indo-Aryan","cf":"red","sc":"settlement","sg":"settlement","cn":"attested","brand":0,"sh":3,"gsrc":"point","lat":19.05622,"lon":72.842974},"geometry":{"type":"Point","coordinates":[72.842974,19.05622]}},{"type":"Feature","properties":{"n":"Bhagat Singh Nagar","s":"nagar","lem":"nagar","m":"City","l":"Sanskrit","lf":"Indo-Aryan","cf":"red","sc":"settlement","sg":"settlement","cn":"attested","brand":0,"sh":0,"gsrc":"point","lat":19.156346,"lon":72.833403},"geometry":{"type":"Point","coordinates":[72.833403,19.156346]}},{"type":"Feature","properties":{"n":"Bhakti Park","s":"park","lem":"park","m":"Park","l":"English","lf":"English","cf":"blue","sc":"flora_agriculture","sg":"land","cn":"attested","brand":0,"sh":5,"gsrc":"point","lat":19.027868,"lon":72.879568},"geometry":{"type":"Point","coordinates":[72.879568,19.027868]}},{"type":"Feature","properties":{"n":"Bhandup East","s":"east","lem":"east","m":"Direction","l":"English","lf":"English","cf":"blue","sc":"planned_administrative","sg":"planned_admin","cn":"attested","brand":0,"sh":5,"gsrc":"point","lat":19.137831,"lon":72.936196},"geometry":{"type":"Point","coordinates":[72.936196,19.137831]}},{"type":"Feature","properties":{"n":"Bhandup Industrial Area","s":"Other","lem":"Other","m":"Unresolved","l":"Unknown","lf":"Other","cf":"grey","sc":"other","sg":"unresolved","cn":"unresolved","brand":0,"sh":5,"gsrc":"point","lat":19.154334,"lon":72.939402},"geometry":{"type":"Point","coordinates":[72.939402,19.154334]}},{"type":"Feature","properties":{"n":"Bhandup Village East","s":"east","lem":"east","m":"Direction","l":"English","lf":"English","cf":"blue","sc":"planned_administrative","sg":"planned_admin","cn":"attested","brand":0,"sh":5,"gsrc":"point","lat":19.15056,"lon":72.945721},"geometry":{"type":"Point","coordinates":[72.945721,19.15056]}},{"type":"Feature","properties":{"n":"Bhandup Village West","s":"west","lem":"west","m":"Direction","l":"English","lf":"English","cf":"blue","sc":"planned_administrative","sg":"planned_admin","cn":"attested","brand":0,"sh":5,"gsrc":"point","lat":19.151011,"lon":72.943253},"geometry":{"type":"Point","coordinates":[72.943253,19.151011]}},{"type":"Feature","properties":{"n":"Bhandup West","s":"west","lem":"west","m":"Direction","l":"English","lf":"English","cf":"blue","sc":"planned_administrative","sg":"planned_admin","cn":"attested","brand":0,"sh":5,"gsrc":"point","lat":19.146264,"lon":72.933946},"geometry":{"type":"Point","coordinates":[72.933946,19.146264]}},{"type":"Feature","properties":{"n":"Bharat Nagar","s":"nagar","lem":"nagar","m":"City","l":"Sanskrit","lf":"Indo-Aryan","cf":"red","sc":"settlement","sg":"settlement","cn":"attested","brand":0,"sh":0,"gsrc":"point","lat":19.06014,"lon":72.928729},"geometry":{"type":"Point","coordinates":[72.928729,19.06014]}},{"type":"Feature","properties":{"n":"Bharatiya Kamala Nagar","s":"nagar","lem":"nagar","m":"City","l":"Sanskrit","lf":"Indo-Aryan","cf":"red","sc":"settlement","sg":"settlement","cn":"attested","brand":0,"sh":0,"gsrc":"point","lat":19.026691,"lon":72.872875},"geometry":{"type":"Point","coordinates":[72.872875,19.026691]}},{"type":"Feature","properties":{"n":"Bhatiya Nagar","s":"nagar","lem":"nagar","m":"City","l":"Sanskrit","lf":"Indo-Aryan","cf":"red","sc":"settlement","sg":"settlement","cn":"attested","brand":0,"sh":0,"gsrc":"point","lat":19.0412,"lon":72.8481},"geometry":{"type":"Point","coordinates":[72.8481,19.0412]}},{"type":"Feature","properties":{"n":"Bhattipada","s":"pada","lem":"pada","m":"Hamlet / Village","l":"Marathi","lf":"Indo-Aryan","cf":"red","sc":"settlement","sg":"settlement","cn":"attested","brand":0,"sh":3,"gsrc":"point","lat":19.149142,"lon":72.93721},"geometry":{"type":"Point","coordinates":[72.93721,19.149142]}},{"type":"Feature","properties":{"n":"Bhavani Nagar","s":"nagar","lem":"nagar","m":"City","l":"Sanskrit","lf":"Indo-Aryan","cf":"red","sc":"settlement","sg":"settlement","cn":"attested","brand":0,"sh":0,"gsrc":"point","lat":19.122271,"lon":72.882743},"geometry":{"type":"Point","coordinates":[72.882743,19.122271]}},{"type":"Feature","properties":{"n":"Bhavanishankar","s":"Other","lem":"Other","m":"Unresolved","l":"Unknown","lf":"Other","cf":"grey","sc":"other","sg":"unresolved","cn":"unresolved","brand":0,"sh":5,"gsrc":"point","lat":19.022237,"lon":72.835657},"geometry":{"type":"Point","coordinates":[72.835657,19.022237]}},{"type":"Feature","properties":{"n":"Bhoiwada","s":"wada","lem":"wada","m":"Ground surrounded by large structures","l":"Marathi","lf":"Indo-Aryan","cf":"red","sc":"dwelling","sg":"built_social","cn":"attested","brand":0,"sh":2,"gsrc":"point","lat":19.005098,"lon":72.846061},"geometry":{"type":"Point","coordinates":[72.846061,19.005098]}},{"type":"Feature","properties":{"n":"Bhudargarh Colony","s":"colony","lem":"colony","m":"Settlement","l":"English","lf":"English","cf":"blue","sc":"planned_administrative","sg":"planned_admin","cn":"attested","brand":0,"sh":1,"gsrc":"point","lat":19.132334,"lon":72.829659},"geometry":{"type":"Point","coordinates":[72.829659,19.132334]}},{"type":"Feature","properties":{"n":"Bhuleshwar","s":"eshwar","lem":"eshwar","m":"God or divine figure","l":"Sanskrit","lf":"Indo-Aryan","cf":"red","sc":"religious","sg":"built_social","cn":"attested","brand":0,"sh":5,"gsrc":"point","lat":18.953771,"lon":72.827476},"geometry":{"type":"Point","coordinates":[72.827476,18.953771]}},{"type":"Feature","properties":{"n":"Bodha Pada","s":"pada","lem":"pada","m":"Hamlet / Village","l":"Marathi","lf":"Indo-Aryan","cf":"red","sc":"settlement","sg":"settlement","cn":"attested","brand":0,"sh":3,"gsrc":"point","lat":19.175937,"lon":72.935922},"geometry":{"type":"Point","coordinates":[72.935922,19.175937]}},{"type":"Feature","properties":{"n":"Bora Bazaar","s":"bazaar","lem":"bazaar","m":"Market","l":"Hindi","lf":"Indo-Aryan","cf":"red","sc":"commerce","sg":"built_social","cn":"attested","brand":0,"sh":5,"gsrc":"point","lat":18.936373,"lon":72.835574},"geometry":{"type":"Point","coordinates":[72.835574,18.936373]}},{"type":"Feature","properties":{"n":"Boraspada","s":"pada","lem":"pada","m":"Hamlet / Village","l":"Marathi","lf":"Indo-Aryan","cf":"red","sc":"settlement","sg":"settlement","cn":"attested","brand":0,"sh":3,"gsrc":"point","lat":19.213361,"lon":72.847567},"geometry":{"type":"Point","coordinates":[72.847567,19.213361]}},{"type":"Feature","properties":{"n":"Bori Bunder","s":"bunder","lem":"bandar","m":"Harbor / Port","l":"Marathi","lf":"Indo-Aryan","cf":"red","sc":"infrastructure","sg":"built_social","cn":"attested","brand":0,"sh":5,"gsrc":"point","lat":18.939444,"lon":72.833343},"geometry":{"type":"Point","coordinates":[72.833343,18.939444]}},{"type":"Feature","properties":{"n":"Borivali East","s":"east","lem":"east","m":"Direction","l":"English","lf":"English","cf":"blue","sc":"planned_administrative","sg":"planned_admin","cn":"attested","brand":0,"sh":5,"gsrc":"point","lat":19.226723,"lon":72.861933},"geometry":{"type":"Point","coordinates":[72.861933,19.226723]}},{"type":"Feature","properties":{"n":"Borla Society","s":"society","lem":"society","m":"Society","l":"English","lf":"English","cf":"blue","sc":"planned_administrative","sg":"planned_admin","cn":"attested","brand":0,"sh":5,"gsrc":"point","lat":19.046357,"lon":72.90253},"geometry":{"type":"Point","coordinates":[72.90253,19.046357]}},{"type":"Feature","properties":{"n":"BP Colony","s":"colony","lem":"colony","m":"Settlement","l":"English","lf":"English","cf":"blue","sc":"planned_administrative","sg":"planned_admin","cn":"attested","brand":0,"sh":1,"gsrc":"point","lat":19.036096,"lon":72.899087},"geometry":{"type":"Point","coordinates":[72.899087,19.036096]}},{"type":"Feature","properties":{"n":"Breach Candy","s":"Other","lem":"Other","m":"Unresolved","l":"Unknown","lf":"Other","cf":"grey","sc":"other","sg":"unresolved","cn":"unresolved","brand":0,"sh":5,"gsrc":"point","lat":18.971436,"lon":72.805149},"geometry":{"type":"Point","coordinates":[72.805149,18.971436]}},{"type":"Feature","properties":{"n":"Buddha Colony","s":"colony","lem":"colony","m":"Settlement","l":"English","lf":"English","cf":"blue","sc":"planned_administrative","sg":"planned_admin","cn":"attested","brand":0,"sh":1,"gsrc":"point","lat":19.073088,"lon":72.87976},"geometry":{"type":"Point","coordinates":[72.87976,19.073088]}},{"type":"Feature","properties":{"n":"Budhiya Jadhav Wadi","s":"wadi","lem":"wada","m":"Ground surrounded by large structures","l":"Marathi","lf":"Indo-Aryan","cf":"red","sc":"dwelling","sg":"built_social","cn":"attested","brand":0,"sh":2,"gsrc":"point","lat":19.121243,"lon":72.890482},"geometry":{"type":"Point","coordinates":[72.890482,19.121243]}},{"type":"Feature","properties":{"n":"Bunder Pakhadi Gaon","s":"gaon","lem":"gaon","m":"Village","l":"Marathi","lf":"Indo-Aryan","cf":"red","sc":"settlement","sg":"settlement","cn":"attested","brand":0,"sh":5,"gsrc":"point","lat":19.213512,"lon":72.831464},"geometry":{"type":"Point","coordinates":[72.831464,19.213512]}},{"type":"Feature","properties":{"n":"Byculla East","s":"east","lem":"east","m":"Direction","l":"English","lf":"English","cf":"blue","sc":"planned_administrative","sg":"planned_admin","cn":"attested","brand":0,"sh":5,"gsrc":"point","lat":18.973693,"lon":72.83678},"geometry":{"type":"Point","coordinates":[72.83678,18.973693]}},{"type":"Feature","properties":{"n":"Byculla West","s":"west","lem":"west","m":"Direction","l":"English","lf":"English","cf":"blue","sc":"planned_administrative","sg":"planned_admin","cn":"attested","brand":0,"sh":5,"gsrc":"point","lat":18.975088,"lon":72.82825},"geometry":{"type":"Point","coordinates":[72.82825,18.975088]}},{"type":"Feature","properties":{"n":"CGS Colony","s":"colony","lem":"colony","m":"Settlement","l":"English","lf":"English","cf":"blue","sc":"planned_administrative","sg":"planned_admin","cn":"attested","brand":0,"sh":1,"gsrc":"point","lat":19.029531,"lon":72.869399},"geometry":{"type":"Point","coordinates":[72.869399,19.029531]}},{"type":"Feature","properties":{"n":"Chakala","s":"\u2014","lem":"Simplex","m":"Single morpheme, no suffix","l":"Pre-suffixal","lf":"Other","cf":"grey","sc":"simplex","sg":"simplex","cn":"attested","brand":0,"sh":0,"gsrc":"point","lat":19.115287,"lon":72.861808},"geometry":{"type":"Point","coordinates":[72.861808,19.115287]}},{"type":"Feature","properties":{"n":"Chakala Village","s":"village","lem":"village","m":"Village","l":"English","lf":"English","cf":"blue","sc":"settlement","sg":"settlement","cn":"attested","brand":0,"sh":4,"gsrc":"point","lat":19.108474,"lon":72.859703},"geometry":{"type":"Point","coordinates":[72.859703,19.108474]}},{"type":"Feature","properties":{"n":"Chanakya Nagar","s":"nagar","lem":"nagar","m":"City","l":"Sanskrit","lf":"Indo-Aryan","cf":"red","sc":"settlement","sg":"settlement","cn":"attested","brand":0,"sh":0,"gsrc":"point","lat":19.204654,"lon":72.854837},"geometry":{"type":"Point","coordinates":[72.854837,19.204654]}},{"type":"Feature","properties":{"n":"Chandan Nagar","s":"nagar","lem":"nagar","m":"City","l":"Sanskrit","lf":"Indo-Aryan","cf":"red","sc":"settlement","sg":"settlement","cn":"attested","brand":0,"sh":0,"gsrc":"point","lat":19.121709,"lon":72.923203},"geometry":{"type":"Point","coordinates":[72.923203,19.121709]}},{"type":"Feature","properties":{"n":"Chandivali","s":"vali","lem":"vali","m":"Town","l":"Marathi","lf":"Indo-Aryan","cf":"red","sc":"settlement","sg":"settlement","cn":"attested","brand":0,"sh":5,"gsrc":"point","lat":19.109148,"lon":72.894579},"geometry":{"type":"Point","coordinates":[72.894579,19.109148]}},{"type":"Feature","properties":{"n":"Chandrabai Nagar","s":"nagar","lem":"nagar","m":"City","l":"Sanskrit","lf":"Indo-Aryan","cf":"red","sc":"settlement","sg":"settlement","cn":"attested","brand":0,"sh":0,"gsrc":"point","lat":19.0875,"lon":72.8277},"geometry":{"type":"Point","coordinates":[72.8277,19.0875]}},{"type":"Feature","properties":{"n":"Charkop","s":"kop","lem":"kop","m":"Hamlet / cluster","l":"Marathi","lf":"Indo-Aryan","cf":"red","sc":"topography","sg":"land","cn":"speculative","brand":0,"sh":5,"gsrc":"point","lat":19.214119,"lon":72.825865},"geometry":{"type":"Point","coordinates":[72.825865,19.214119]}},{"type":"Feature","properties":{"n":"Charkop Sector 7","s":"sector","lem":"sector","m":"Sector","l":"English","lf":"English","cf":"blue","sc":"planned_administrative","sg":"planned_admin","cn":"attested","brand":0,"sh":5,"gsrc":"point","lat":19.22144,"lon":72.830027},"geometry":{"type":"Point","coordinates":[72.830027,19.22144]}},{"type":"Feature","properties":{"n":"Charkop Village","s":"village","lem":"village","m":"Village","l":"English","lf":"English","cf":"blue","sc":"settlement","sg":"settlement","cn":"attested","brand":0,"sh":4,"gsrc":"point","lat":19.208851,"lon":72.818222},"geometry":{"type":"Point","coordinates":[72.818222,19.208851]}},{"type":"Feature","properties":{"n":"Cheeta Camp","s":"camp","lem":"camp","m":"Cantonment","l":"English","lf":"English","cf":"blue","sc":"planned_administrative","sg":"planned_admin","cn":"attested","brand":0,"sh":5,"gsrc":"point","lat":19.039145,"lon":72.948554},"geometry":{"type":"Point","coordinates":[72.948554,19.039145]}},{"type":"Feature","properties":{"n":"Chembur","s":"\u2014","lem":"Simplex","m":"Single morpheme, no suffix","l":"Pre-suffixal","lf":"Other","cf":"grey","sc":"simplex","sg":"simplex","cn":"attested","brand":0,"sh":0,"gsrc":"point","lat":19.054818,"lon":72.897971},"geometry":{"type":"Point","coordinates":[72.897971,19.054818]}},{"type":"Feature","properties":{"n":"Chembur Colony","s":"colony","lem":"colony","m":"Settlement","l":"English","lf":"English","cf":"blue","sc":"planned_administrative","sg":"planned_admin","cn":"attested","brand":0,"sh":1,"gsrc":"point","lat":19.048526,"lon":72.887579},"geometry":{"type":"Point","coordinates":[72.887579,19.048526]}},{"type":"Feature","properties":{"n":"Chembur Gaothan","s":"gaothan","lem":"gaothan","m":"Site of a village","l":"Marathi","lf":"Indo-Aryan","cf":"red","sc":"settlement","sg":"settlement","cn":"attested","brand":0,"sh":5,"gsrc":"point","lat":19.057938,"lon":72.896895},"geometry":{"type":"Point","coordinates":[72.896895,19.057938]}},{"type":"Feature","properties":{"n":"Chhatrapati Nagar","s":"nagar","lem":"nagar","m":"City","l":"Sanskrit","lf":"Indo-Aryan","cf":"red","sc":"settlement","sg":"settlement","cn":"attested","brand":0,"sh":0,"gsrc":"point","lat":19.132051,"lon":72.936608},"geometry":{"type":"Point","coordinates":[72.936608,19.132051]}},{"type":"Feature","properties":{"n":"Chheda Nagar","s":"nagar","lem":"nagar","m":"City","l":"Sanskrit","lf":"Indo-Aryan","cf":"red","sc":"settlement","sg":"settlement","cn":"attested","brand":0,"sh":0,"gsrc":"point","lat":19.066924,"lon":72.906668},"geometry":{"type":"Point","coordinates":[72.906668,19.066924]}},{"type":"Feature","properties":{"n":"Chikalwadi","s":"wadi","lem":"wada","m":"Ground surrounded by large structures","l":"Marathi","lf":"Indo-Aryan","cf":"red","sc":"dwelling","sg":"built_social","cn":"attested","brand":0,"sh":2,"gsrc":"point","lat":18.965963,"lon":72.814837},"geometry":{"type":"Point","coordinates":[72.814837,18.965963]}},{"type":"Feature","properties":{"n":"Chikalwadi","s":"wadi","lem":"wada","m":"Ground surrounded by large structures","l":"Marathi","lf":"Indo-Aryan","cf":"red","sc":"dwelling","sg":"built_social","cn":"attested","brand":0,"sh":2,"gsrc":"point","lat":19.061788,"lon":72.930266},"geometry":{"type":"Point","coordinates":[72.930266,19.061788]}},{"type":"Feature","properties":{"n":"Chimatpada","s":"pada","lem":"pada","m":"Hamlet / Village","l":"Marathi","lf":"Indo-Aryan","cf":"red","sc":"settlement","sg":"settlement","cn":"attested","brand":0,"sh":3,"gsrc":"point","lat":19.106187,"lon":72.879399},"geometry":{"type":"Point","coordinates":[72.879399,19.106187]}},{"type":"Feature","properties":{"n":"Chimbai Village","s":"village","lem":"village","m":"Village","l":"English","lf":"English","cf":"blue","sc":"settlement","sg":"settlement","cn":"attested","brand":0,"sh":4,"gsrc":"point","lat":19.056514,"lon":72.82422},"geometry":{"type":"Point","coordinates":[72.82422,19.056514]}},{"type":"Feature","properties":{"n":"Chinch Bunder","s":"bunder","lem":"bandar","m":"Harbor / Port","l":"Marathi","lf":"Indo-Aryan","cf":"red","sc":"infrastructure","sg":"built_social","cn":"attested","brand":0,"sh":5,"gsrc":"point","lat":18.964131,"lon":72.841638},"geometry":{"type":"Point","coordinates":[72.841638,18.964131]}},{"type":"Feature","properties":{"n":"Christian Wada","s":"wada","lem":"wada","m":"Ground surrounded by large structures","l":"Marathi","lf":"Indo-Aryan","cf":"red","sc":"dwelling","sg":"built_social","cn":"attested","brand":0,"sh":2,"gsrc":"point","lat":19.14034,"lon":72.789088},"geometry":{"type":"Point","coordinates":[72.789088,19.14034]}},{"type":"Feature","properties":{"n":"Chuim Village","s":"village","lem":"village","m":"Village","l":"English","lf":"English","cf":"blue","sc":"settlement","sg":"settlement","cn":"attested","brand":0,"sh":4,"gsrc":"point","lat":19.074242,"lon":72.825306},"geometry":{"type":"Point","coordinates":[72.825306,19.074242]}},{"type":"Feature","properties":{"n":"Churchgate","s":"gate","lem":"gate","m":"Gate","l":"English","lf":"English","cf":"blue","sc":"fortification","sg":"built_social","cn":"attested","brand":0,"sh":5,"gsrc":"point","lat":18.931933,"lon":72.827144},"geometry":{"type":"Point","coordinates":[72.827144,18.931933]}},{"type":"Feature","properties":{"n":"Colaba","s":"\u2014","lem":"Simplex","m":"Single morpheme, no suffix","l":"Pre-suffixal","lf":"Other","cf":"grey","sc":"simplex","sg":"simplex","cn":"attested","brand":0,"sh":0,"gsrc":"point","lat":18.915091,"lon":72.825969},"geometry":{"type":"Point","coordinates":[72.825969,18.915091]}},{"type":"Feature","properties":{"n":"Collector Colony","s":"colony","lem":"colony","m":"Settlement","l":"English","lf":"English","cf":"blue","sc":"planned_administrative","sg":"planned_admin","cn":"attested","brand":0,"sh":1,"gsrc":"point","lat":19.043247,"lon":72.891808},"geometry":{"type":"Point","coordinates":[72.891808,19.043247]}},{"type":"Feature","properties":{"n":"Cooperative Housing Society","s":"society","lem":"society","m":"Society","l":"English","lf":"English","cf":"blue","sc":"planned_administrative","sg":"planned_admin","cn":"attested","brand":0,"sh":5,"gsrc":"point","lat":19.038964,"lon":72.853168},"geometry":{"type":"Point","coordinates":[72.853168,19.038964]}},{"type":"Feature","properties":{"n":"Cotton Green","s":"green","lem":"green","m":"Open green / common","l":"English","lf":"English","cf":"blue","sc":"flora_agriculture","sg":"land","cn":"attested","brand":0,"sh":5,"gsrc":"point","lat":18.985666,"lon":72.843654},"geometry":{"type":"Point","coordinates":[72.843654,18.985666]}},{"type":"Feature","properties":{"n":"Cowasji Jehangir Colony","s":"colony","lem":"colony","m":"Settlement","l":"English","lf":"English","cf":"blue","sc":"planned_administrative","sg":"planned_admin","cn":"attested","brand":0,"sh":1,"gsrc":"point","lat":18.971826,"lon":72.816716},"geometry":{"type":"Point","coordinates":[72.816716,18.971826]}},{"type":"Feature","properties":{"n":"Cuffe Parade","s":"parade","lem":"parade","m":"Parade ground / promenade","l":"English","lf":"English","cf":"blue","sc":"infrastructure","sg":"built_social","cn":"attested","brand":0,"sh":5,"gsrc":"point","lat":18.915787,"lon":72.818904},"geometry":{"type":"Point","coordinates":[72.818904,18.915787]}},{"type":"Feature","properties":{"n":"Cumballa Hill","s":"hill","lem":"hill","m":"Hill","l":"English","lf":"English","cf":"blue","sc":"topography","sg":"land","cn":"attested","brand":0,"sh":5,"gsrc":"point","lat":18.968623,"lon":72.806837},"geometry":{"type":"Point","coordinates":[72.806837,18.968623]}},{"type":"Feature","properties":{"n":"Cusrow Baug","s":"baug","lem":"bagh","m":"Garden","l":"Persian","lf":"Perso-Arabic","cf":"purple","sc":"flora_agriculture","sg":"land","cn":"attested","brand":0,"sh":0,"gsrc":"point","lat":18.920483,"lon":72.828958},"geometry":{"type":"Point","coordinates":[72.828958,18.920483]}},{"type":"Feature","properties":{"n":"D'mello Compound","s":"compound","lem":"compound","m":"Gated area","l":"English","lf":"English","cf":"blue","sc":"planned_administrative","sg":"planned_admin","cn":"attested","brand":0,"sh":5,"gsrc":"point","lat":19.084524,"lon":72.849614},"geometry":{"type":"Point","coordinates":[72.849614,19.084524]}},{"type":"Feature","properties":{"n":"Dadabhai Naoroji Nagar","s":"nagar","lem":"nagar","m":"City","l":"Sanskrit","lf":"Indo-Aryan","cf":"red","sc":"settlement","sg":"settlement","cn":"attested","brand":0,"sh":0,"gsrc":"point","lat":19.127334,"lon":72.832618},"geometry":{"type":"Point","coordinates":[72.832618,19.127334]}},{"type":"Feature","properties":{"n":"Dadar Hindu Colony","s":"colony","lem":"colony","m":"Settlement","l":"English","lf":"English","cf":"blue","sc":"planned_administrative","sg":"planned_admin","cn":"attested","brand":0,"sh":1,"gsrc":"osm_place","lat":19.020515,"lon":72.848184},"geometry":{"type":"Polygon","coordinates":[[[72.84552,19.0195],[72.84651,19.02088],[72.84703,19.02123],[72.84756,19.02158],[72.84848,19.02227],[72.84899,19.02256],[72.84925,19.02268],[72.84942,19.02267],[72.84968,19.02252],[72.85006,19.0225],[72.85085,19.02213],[72.84973,19.02062],[72.84766,19.01815],[72.84742,19.0182],[72.84552,19.0195]]]}},{"type":"Feature","properties":{"n":"Dadar West","s":"west","lem":"west","m":"Direction","l":"English","lf":"English","cf":"blue","sc":"planned_administrative","sg":"planned_admin","cn":"attested","brand":0,"sh":5,"gsrc":"point","lat":19.023889,"lon":72.838224},"geometry":{"type":"Point","coordinates":[72.838224,19.023889]}},{"type":"Feature","properties":{"n":"Dahisar East","s":"east","lem":"east","m":"Direction","l":"English","lf":"English","cf":"blue","sc":"planned_administrative","sg":"planned_admin","cn":"attested","brand":0,"sh":5,"gsrc":"point","lat":19.248693,"lon":72.864059},"geometry":{"type":"Point","coordinates":[72.864059,19.248693]}},{"type":"Feature","properties":{"n":"Dahisar West","s":"west","lem":"west","m":"Direction","l":"English","lf":"English","cf":"blue","sc":"planned_administrative","sg":"planned_admin","cn":"attested","brand":0,"sh":5,"gsrc":"point","lat":19.248875,"lon":72.852959},"geometry":{"type":"Point","coordinates":[72.852959,19.248875]}},{"type":"Feature","properties":{"n":"Damodar Park","s":"park","lem":"park","m":"Park","l":"English","lf":"English","cf":"blue","sc":"flora_agriculture","sg":"land","cn":"attested","brand":0,"sh":5,"gsrc":"point","lat":19.094891,"lon":72.913591},"geometry":{"type":"Point","coordinates":[72.913591,19.094891]}},{"type":"Feature","properties":{"n":"Dana Bandar","s":"bandar","lem":"bandar","m":"Harbor / Port","l":"Marathi","lf":"Indo-Aryan","cf":"red","sc":"infrastructure","sg":"built_social","cn":"attested","brand":0,"sh":5,"gsrc":"point","lat":18.954107,"lon":72.839491},"geometry":{"type":"Point","coordinates":[72.839491,18.954107]}},{"type":"Feature","properties":{"n":"Danda","s":"\u2014","lem":"Simplex","m":"Single morpheme, no suffix","l":"Pre-suffixal","lf":"Other","cf":"grey","sc":"simplex","sg":"simplex","cn":"attested","brand":0,"sh":0,"gsrc":"point","lat":19.075009,"lon":72.824712},"geometry":{"type":"Point","coordinates":[72.824712,19.075009]}},{"type":"Feature","properties":{"n":"Darukhana","s":"\u2014","lem":"Simplex","m":"Single morpheme, no suffix","l":"Pre-suffixal","lf":"Other","cf":"grey","sc":"simplex","sg":"simplex","cn":"attested","brand":0,"sh":0,"gsrc":"point","lat":18.977036,"lon":72.849077},"geometry":{"type":"Point","coordinates":[72.849077,18.977036]}},{"type":"Feature","properties":{"n":"Dattani Park","s":"park","lem":"park","m":"Park","l":"English","lf":"English","cf":"blue","sc":"flora_agriculture","sg":"land","cn":"attested","brand":0,"sh":5,"gsrc":"point","lat":19.213359,"lon":72.870794},"geometry":{"type":"Point","coordinates":[72.870794,19.213359]}},{"type":"Feature","properties":{"n":"Dattapada","s":"pada","lem":"pada","m":"Hamlet / Village","l":"Marathi","lf":"Indo-Aryan","cf":"red","sc":"settlement","sg":"settlement","cn":"attested","brand":0,"sh":3,"gsrc":"point","lat":19.224528,"lon":72.85827},"geometry":{"type":"Point","coordinates":[72.85827,19.224528]}},{"type":"Feature","properties":{"n":"Daulat Nagar","s":"nagar","lem":"nagar","m":"City","l":"Sanskrit","lf":"Indo-Aryan","cf":"red","sc":"settlement","sg":"settlement","cn":"attested","brand":0,"sh":0,"gsrc":"osm_place","lat":19.235703,"lon":72.860231},"geometry":{"type":"Polygon","coordinates":[[[72.85973,19.23834],[72.85964,19.23734],[72.85936,19.23649],[72.85915,19.2359],[72.85841,19.2342],[72.86091,19.23375],[72.86225,19.23754],[72.86089,19.23801],[72.86038,19.23819],[72.85973,19.23834]]]}},{"type":"Feature","properties":{"n":"Dauri Nagar","s":"nagar","lem":"nagar","m":"City","l":"Sanskrit","lf":"Indo-Aryan","cf":"red","sc":"settlement","sg":"settlement","cn":"attested","brand":0,"sh":0,"gsrc":"point","lat":19.082265,"lon":72.843832},"geometry":{"type":"Point","coordinates":[72.843832,19.082265]}},{"type":"Feature","properties":{"n":"Deonar","s":"\u2014","lem":"Simplex","m":"Single morpheme, no suffix","l":"Pre-suffixal","lf":"Other","cf":"grey","sc":"simplex","sg":"simplex","cn":"attested","brand":0,"sh":0,"gsrc":"point","lat":19.04755,"lon":72.90519},"geometry":{"type":"Point","coordinates":[72.90519,19.04755]}},{"type":"Feature","properties":{"n":"Deonar Colony","s":"colony","lem":"colony","m":"Settlement","l":"English","lf":"English","cf":"blue","sc":"planned_administrative","sg":"planned_admin","cn":"attested","brand":0,"sh":1,"gsrc":"point","lat":19.05365,"lon":72.924092},"geometry":{"type":"Point","coordinates":[72.924092,19.05365]}},{"type":"Feature","properties":{"n":"Deonar Village","s":"village","lem":"village","m":"Village","l":"English","lf":"English","cf":"blue","sc":"settlement","sg":"settlement","cn":"attested","brand":0,"sh":4,"gsrc":"point","lat":19.049883,"lon":72.920903},"geometry":{"type":"Point","coordinates":[72.920903,19.049883]}},{"type":"Feature","properties":{"n":"Devipada","s":"pada","lem":"pada","m":"Hamlet / Village","l":"Marathi","lf":"Indo-Aryan","cf":"red","sc":"settlement","sg":"settlement","cn":"attested","brand":0,"sh":3,"gsrc":"point","lat":19.225268,"lon":72.865141},"geometry":{"type":"Point","coordinates":[72.865141,19.225268]}},{"type":"Feature","properties":{"n":"Dhaku Prabhuchi Wadi","s":"wadi","lem":"wada","m":"Ground surrounded by large structures","l":"Marathi","lf":"Indo-Aryan","cf":"red","sc":"dwelling","sg":"built_social","cn":"attested","brand":0,"sh":2,"gsrc":"osm_place","lat":18.98096,"lon":72.839721},"geometry":{"type":"Polygon","coordinates":[[[72.83855,18.98132],[72.83848,18.98074],[72.84065,18.9806],[72.84096,18.98099],[72.84097,18.98117],[72.83855,18.98132]]]}},{"type":"Feature","properties":{"n":"Dhangar Wadi","s":"wadi","lem":"wada","m":"Ground surrounded by large structures","l":"Marathi","lf":"Indo-Aryan","cf":"red","sc":"dwelling","sg":"built_social","cn":"attested","brand":0,"sh":2,"gsrc":"point","lat":19.117942,"lon":72.838111},"geometry":{"type":"Point","coordinates":[72.838111,19.117942]}},{"type":"Feature","properties":{"n":"Dharavi","s":"\u2014","lem":"Simplex","m":"Single morpheme, no suffix","l":"Pre-suffixal","lf":"Other","cf":"grey","sc":"simplex","sg":"simplex","cn":"attested","brand":0,"sh":0,"gsrc":"point","lat":19.044463,"lon":72.858618},"geometry":{"type":"Point","coordinates":[72.858618,19.044463]}},{"type":"Feature","properties":{"n":"Dharkhadi","s":"khadi","lem":"khadi","m":"Creek / tidal inlet","l":"Marathi","lf":"Indo-Aryan","cf":"red","sc":"hydrology","sg":"water","cn":"attested","brand":0,"sh":5,"gsrc":"point","lat":19.252864,"lon":72.874478},"geometry":{"type":"Point","coordinates":[72.874478,19.252864]}},{"type":"Feature","properties":{"n":"Dhobi Ghat","s":"ghat","lem":"ghat","m":"River Landing / Steps","l":"Bengali/Hindi","lf":"Indo-Aryan","cf":"red","sc":"hydrology","sg":"water","cn":"attested","brand":0,"sh":5,"gsrc":"point","lat":18.910838,"lon":72.817963},"geometry":{"type":"Point","coordinates":[72.817963,18.910838]}},{"type":"Feature","properties":{"n":"Dhobi Ghat","s":"ghat","lem":"ghat","m":"River Landing / Steps","l":"Bengali/Hindi","lf":"Indo-Aryan","cf":"red","sc":"hydrology","sg":"water","cn":"attested","brand":0,"sh":5,"gsrc":"point","lat":18.982685,"lon":72.825253},"geometry":{"type":"Point","coordinates":[72.825253,18.982685]}},{"type":"Feature","properties":{"n":"Dhobighat","s":"ghat","lem":"ghat","m":"River Landing / Steps","l":"Bengali/Hindi","lf":"Indo-Aryan","cf":"red","sc":"hydrology","sg":"water","cn":"attested","brand":0,"sh":5,"gsrc":"point","lat":19.0838,"lon":72.8492},"geometry":{"type":"Point","coordinates":[72.8492,19.0838]}},{"type":"Feature","properties":{"n":"Dhondewadi","s":"wadi","lem":"wada","m":"Ground surrounded by large structures","l":"Marathi","lf":"Indo-Aryan","cf":"red","sc":"dwelling","sg":"built_social","cn":"attested","brand":0,"sh":2,"gsrc":"point","lat":19.143234,"lon":72.79896},"geometry":{"type":"Point","coordinates":[72.79896,19.143234]}},{"type":"Feature","properties":{"n":"Dhunbai Wadi","s":"wadi","lem":"wada","m":"Ground surrounded by large structures","l":"Marathi","lf":"Indo-Aryan","cf":"red","sc":"dwelling","sg":"built_social","cn":"attested","brand":0,"sh":2,"gsrc":"point","lat":19.106842,"lon":72.842086},"geometry":{"type":"Point","coordinates":[72.842086,19.106842]}},{"type":"Feature","properties":{"n":"Dindoshi","s":"\u2014","lem":"Simplex","m":"Single morpheme, no suffix","l":"Pre-suffixal","lf":"Other","cf":"grey","sc":"simplex","sg":"simplex","cn":"attested","brand":0,"sh":0,"gsrc":"point","lat":19.17402,"lon":72.869522},"geometry":{"type":"Point","coordinates":[72.869522,19.17402]}},{"type":"Feature","properties":{"n":"Dock Labour Colony","s":"colony","lem":"colony","m":"Settlement","l":"English","lf":"English","cf":"blue","sc":"planned_administrative","sg":"planned_admin","cn":"attested","brand":0,"sh":1,"gsrc":"point","lat":18.989619,"lon":72.8454},"geometry":{"type":"Point","coordinates":[72.8454,18.989619]}},{"type":"Feature","properties":{"n":"Dongri","s":"dongri","lem":"dongri","m":"Hillock (from dongar)","l":"Marathi","lf":"Indo-Aryan","cf":"red","sc":"topography","sg":"land","cn":"attested","brand":0,"sh":5,"gsrc":"point","lat":18.962226,"lon":72.836795},"geometry":{"type":"Point","coordinates":[72.836795,18.962226]}},{"type":"Feature","properties":{"n":"Dr Zakir Hussain Nagar","s":"nagar","lem":"nagar","m":"City","l":"Sanskrit","lf":"Indo-Aryan","cf":"red","sc":"settlement","sg":"settlement","cn":"attested","brand":0,"sh":0,"gsrc":"point","lat":19.056363,"lon":72.927568},"geometry":{"type":"Point","coordinates":[72.927568,19.056363]}},{"type":"Feature","properties":{"n":"Durganagar","s":"nagar","lem":"nagar","m":"City","l":"Sanskrit","lf":"Indo-Aryan","cf":"red","sc":"settlement","sg":"settlement","cn":"attested","brand":0,"sh":0,"gsrc":"point","lat":19.138742,"lon":72.872245},"geometry":{"type":"Point","coordinates":[72.872245,19.138742]}},{"type":"Feature","properties":{"n":"Dutta Mandir","s":"mandir","lem":"mandir","m":"Temple","l":"Hindi","lf":"Indo-Aryan","cf":"red","sc":"religious","sg":"built_social","cn":"attested","brand":0,"sh":5,"gsrc":"point","lat":19.083571,"lon":72.850145},"geometry":{"type":"Point","coordinates":[72.850145,19.083571]}},{"type":"Feature","properties":{"n":"Erangal","s":"\u2014","lem":"Simplex","m":"Single morpheme, no suffix","l":"Pre-suffixal","lf":"Other","cf":"grey","sc":"simplex","sg":"simplex","cn":"attested","brand":0,"sh":0,"gsrc":"point","lat":19.163229,"lon":72.785627},"geometry":{"type":"Point","coordinates":[72.785627,19.163229]}},{"type":"Feature","properties":{"n":"Farid Nagar","s":"nagar","lem":"nagar","m":"City","l":"Sanskrit","lf":"Indo-Aryan","cf":"red","sc":"settlement","sg":"settlement","cn":"attested","brand":0,"sh":0,"gsrc":"point","lat":19.139515,"lon":72.923434},"geometry":{"type":"Point","coordinates":[72.923434,19.139515]}},{"type":"Feature","properties":{"n":"Fazalbhoy Wadi","s":"wadi","lem":"wada","m":"Ground surrounded by large structures","l":"Marathi","lf":"Indo-Aryan","cf":"red","sc":"dwelling","sg":"built_social","cn":"attested","brand":0,"sh":2,"gsrc":"point","lat":19.158567,"lon":72.784141},"geometry":{"type":"Point","coordinates":[72.784141,19.158567]}},{"type":"Feature","properties":{"n":"Ferbandar","s":"bandar","lem":"bandar","m":"Harbor / Port","l":"Marathi","lf":"Indo-Aryan","cf":"red","sc":"infrastructure","sg":"built_social","cn":"attested","brand":0,"sh":5,"gsrc":"osm_place","lat":18.983773,"lon":72.840331},"geometry":{"type":"Polygon","coordinates":[[[72.84199,18.98525],[72.84007,18.98531],[72.83967,18.98535],[72.83945,18.98433],[72.83945,18.9843],[72.83876,18.9842],[72.8381,18.98293],[72.84085,18.98287],[72.84091,18.98219],[72.84271,18.98232],[72.84199,18.98525]]]}},{"type":"Feature","properties":{"n":"Fertilizer Colony","s":"colony","lem":"colony","m":"Settlement","l":"English","lf":"English","cf":"blue","sc":"planned_administrative","sg":"planned_admin","cn":"attested","brand":0,"sh":1,"gsrc":"point","lat":19.036807,"lon":72.896068},"geometry":{"type":"Point","coordinates":[72.896068,19.036807]}},{"type":"Feature","properties":{"n":"Filter Pada","s":"pada","lem":"pada","m":"Hamlet / Village","l":"Marathi","lf":"Indo-Aryan","cf":"red","sc":"settlement","sg":"settlement","cn":"attested","brand":0,"sh":3,"gsrc":"point","lat":19.140009,"lon":72.894748},"geometry":{"type":"Point","coordinates":[72.894748,19.140009]}},{"type":"Feature","properties":{"n":"Fishermen Colony","s":"colony","lem":"colony","m":"Settlement","l":"English","lf":"English","cf":"blue","sc":"planned_administrative","sg":"planned_admin","cn":"attested","brand":0,"sh":1,"gsrc":"point","lat":19.046339,"lon":72.841003},"geometry":{"type":"Point","coordinates":[72.841003,19.046339]}},{"type":"Feature","properties":{"n":"Fort","s":"fort","lem":"fort","m":"Fort","l":"English","lf":"English","cf":"blue","sc":"fortification","sg":"built_social","cn":"attested","brand":0,"sh":5,"gsrc":"point","lat":18.933266,"lon":72.834515},"geometry":{"type":"Point","coordinates":[72.834515,18.933266]}},{"type":"Feature","properties":{"n":"Four Bungalows","s":"bungalows","lem":"bungalows","m":"Bungalows","l":"English","lf":"English","cf":"blue","sc":"dwelling","sg":"built_social","cn":"attested","brand":0,"sh":5,"gsrc":"point","lat":19.128794,"lon":72.825554},"geometry":{"type":"Point","coordinates":[72.825554,19.128794]}},{"type":"Feature","properties":{"n":"G Block","s":"block","lem":"block","m":"Admin Block","l":"English","lf":"English","cf":"blue","sc":"planned_administrative","sg":"planned_admin","cn":"attested","brand":0,"sh":2,"gsrc":"point","lat":19.063126,"lon":72.865624},"geometry":{"type":"Point","coordinates":[72.865624,19.063126]}},{"type":"Feature","properties":{"n":"Gabriel Wadi","s":"wadi","lem":"wada","m":"Ground surrounded by large structures","l":"Marathi","lf":"Indo-Aryan","cf":"red","sc":"dwelling","sg":"built_social","cn":"attested","brand":0,"sh":2,"gsrc":"point","lat":19.146009,"lon":72.790652},"geometry":{"type":"Point","coordinates":[72.790652,19.146009]}},{"type":"Feature","properties":{"n":"Gaikwad Nagar","s":"nagar","lem":"nagar","m":"City","l":"Sanskrit","lf":"Indo-Aryan","cf":"red","sc":"settlement","sg":"settlement","cn":"attested","brand":0,"sh":0,"gsrc":"point","lat":19.059907,"lon":72.90846},"geometry":{"type":"Point","coordinates":[72.90846,19.059907]}},{"type":"Feature","properties":{"n":"Gamdevi","s":"devi","lem":"devi","m":"Goddess","l":"Sanskrit","lf":"Indo-Aryan","cf":"red","sc":"religious","sg":"built_social","cn":"attested","brand":0,"sh":5,"gsrc":"point","lat":18.958485,"lon":72.812252},"geometry":{"type":"Point","coordinates":[72.812252,18.958485]}},{"type":"Feature","properties":{"n":"Gandhi Nagar","s":"nagar","lem":"nagar","m":"City","l":"Sanskrit","lf":"Indo-Aryan","cf":"red","sc":"settlement","sg":"settlement","cn":"attested","brand":0,"sh":0,"gsrc":"point","lat":19.05804,"lon":72.847258},"geometry":{"type":"Point","coordinates":[72.847258,19.05804]}},{"type":"Feature","properties":{"n":"Ganesh Nagar","s":"nagar","lem":"nagar","m":"City","l":"Sanskrit","lf":"Indo-Aryan","cf":"red","sc":"settlement","sg":"settlement","cn":"attested","brand":0,"sh":0,"gsrc":"point","lat":19.055224,"lon":72.893819},"geometry":{"type":"Point","coordinates":[72.893819,19.055224]}},{"type":"Feature","properties":{"n":"Ganesh Nagar","s":"nagar","lem":"nagar","m":"City","l":"Sanskrit","lf":"Indo-Aryan","cf":"red","sc":"settlement","sg":"settlement","cn":"attested","brand":0,"sh":0,"gsrc":"point","lat":19.151548,"lon":72.930062},"geometry":{"type":"Point","coordinates":[72.930062,19.151548]}},{"type":"Feature","properties":{"n":"Ganesh Pada","s":"pada","lem":"pada","m":"Hamlet / Village","l":"Marathi","lf":"Indo-Aryan","cf":"red","sc":"settlement","sg":"settlement","cn":"attested","brand":0,"sh":3,"gsrc":"point","lat":19.175217,"lon":72.934938},"geometry":{"type":"Point","coordinates":[72.934938,19.175217]}},{"type":"Feature","properties":{"n":"Gangawadi","s":"wadi","lem":"wada","m":"Ground surrounded by large structures","l":"Marathi","lf":"Indo-Aryan","cf":"red","sc":"dwelling","sg":"built_social","cn":"attested","brand":0,"sh":2,"gsrc":"point","lat":19.091187,"lon":72.909201},"geometry":{"type":"Point","coordinates":[72.909201,19.091187]}},{"type":"Feature","properties":{"n":"Gaondevi","s":"devi","lem":"devi","m":"Goddess","l":"Sanskrit","lf":"Indo-Aryan","cf":"red","sc":"religious","sg":"built_social","cn":"attested","brand":0,"sh":5,"gsrc":"point","lat":19.259585,"lon":72.858848},"geometry":{"type":"Point","coordinates":[72.858848,19.259585]}},{"type":"Feature","properties":{"n":"Gaondevi Dongri","s":"dongri","lem":"dongri","m":"Hillock (from dongar)","l":"Marathi","lf":"Indo-Aryan","cf":"red","sc":"topography","sg":"land","cn":"attested","brand":0,"sh":5,"gsrc":"point","lat":19.121505,"lon":72.841533},"geometry":{"type":"Point","coordinates":[72.841533,19.121505]}},{"type":"Feature","properties":{"n":"Garib Janta Nagar","s":"nagar","lem":"nagar","m":"City","l":"Sanskrit","lf":"Indo-Aryan","cf":"red","sc":"settlement","sg":"settlement","cn":"attested","brand":0,"sh":0,"gsrc":"point","lat":19.061545,"lon":72.90515},"geometry":{"type":"Point","coordinates":[72.90515,19.061545]}},{"type":"Feature","properties":{"n":"Garib Nagar","s":"nagar","lem":"nagar","m":"City","l":"Sanskrit","lf":"Indo-Aryan","cf":"red","sc":"settlement","sg":"settlement","cn":"attested","brand":0,"sh":0,"gsrc":"point","lat":19.055309,"lon":72.841529},"geometry":{"type":"Point","coordinates":[72.841529,19.055309]}},{"type":"Feature","properties":{"n":"Garodia Nagar","s":"nagar","lem":"nagar","m":"City","l":"Sanskrit","lf":"Indo-Aryan","cf":"red","sc":"settlement","sg":"settlement","cn":"attested","brand":0,"sh":0,"gsrc":"point","lat":19.074133,"lon":72.908522},"geometry":{"type":"Point","coordinates":[72.908522,19.074133]}},{"type":"Feature","properties":{"n":"Gautam Nagar","s":"nagar","lem":"nagar","m":"City","l":"Sanskrit","lf":"Indo-Aryan","cf":"red","sc":"settlement","sg":"settlement","cn":"attested","brand":0,"sh":0,"gsrc":"point","lat":19.133036,"lon":72.895199},"geometry":{"type":"Point","coordinates":[72.895199,19.133036]}},{"type":"Feature","properties":{"n":"Gautam Nagar","s":"nagar","lem":"nagar","m":"City","l":"Sanskrit","lf":"Indo-Aryan","cf":"red","sc":"settlement","sg":"settlement","cn":"attested","brand":0,"sh":0,"gsrc":"point","lat":19.178282,"lon":72.954401},"geometry":{"type":"Point","coordinates":[72.954401,19.178282]}},{"type":"Feature","properties":{"n":"Gavan Pada Koliwada","s":"koliwada","lem":"koliwada","m":"Koli fishing settlement","l":"Marathi","lf":"Indo-Aryan","cf":"red","sc":"settlement","sg":"settlement","cn":"attested","brand":0,"sh":4,"gsrc":"point","lat":19.172202,"lon":72.963208},"geometry":{"type":"Point","coordinates":[72.963208,19.172202]}},{"type":"Feature","properties":{"n":"Gavhanpada","s":"pada","lem":"pada","m":"Hamlet / Village","l":"Marathi","lf":"Indo-Aryan","cf":"red","sc":"settlement","sg":"settlement","cn":"attested","brand":0,"sh":3,"gsrc":"point","lat":19.009612,"lon":72.89934},"geometry":{"type":"Point","coordinates":[72.89934,19.009612]}},{"type":"Feature","properties":{"n":"Gavni Pada","s":"pada","lem":"pada","m":"Hamlet / Village","l":"Marathi","lf":"Indo-Aryan","cf":"red","sc":"settlement","sg":"settlement","cn":"attested","brand":0,"sh":3,"gsrc":"osm_place","lat":19.16526,"lon":72.945287},"geometry":{"type":"Polygon","coordinates":[[[72.94352,19.16512],[72.94423,19.16471],[72.9447,19.16445],[72.945,19.16431],[72.94669,19.1635],[72.94736,19.16422],[72.94743,19.16429],[72.94766,19.16456],[72.94732,19.16481],[72.947,19.16502],[72.94664,19.16527],[72.94632,19.1655],[72.94583,19.16585],[72.9456,19.16601],[72.94544,19.16614],[72.94451,19.1668],[72.94442,19.1668],[72.94393,19.16588],[72.94352,19.16512]]]}},{"type":"Feature","properties":{"n":"Ghatkopar","s":"Other","lem":"Other","m":"Unresolved","l":"Unknown","lf":"Other","cf":"grey","sc":"other","sg":"unresolved","cn":"unresolved","brand":0,"sh":5,"gsrc":"point","lat":19.084232,"lon":72.918635},"geometry":{"type":"Point","coordinates":[72.918635,19.084232]}},{"type":"Feature","properties":{"n":"Ghatkopar East","s":"east","lem":"east","m":"Direction","l":"English","lf":"English","cf":"blue","sc":"planned_administrative","sg":"planned_admin","cn":"attested","brand":0,"sh":5,"gsrc":"point","lat":19.083344,"lon":72.912325},"geometry":{"type":"Point","coordinates":[72.912325,19.083344]}},{"type":"Feature","properties":{"n":"Ghatkopar West","s":"west","lem":"west","m":"Direction","l":"English","lf":"English","cf":"blue","sc":"planned_administrative","sg":"planned_admin","cn":"attested","brand":0,"sh":5,"gsrc":"point","lat":19.089744,"lon":72.904803},"geometry":{"type":"Point","coordinates":[72.904803,19.089744]}},{"type":"Feature","properties":{"n":"Ghatla Village","s":"village","lem":"village","m":"Village","l":"English","lf":"English","cf":"blue","sc":"settlement","sg":"settlement","cn":"attested","brand":0,"sh":4,"gsrc":"point","lat":19.052633,"lon":72.904024},"geometry":{"type":"Point","coordinates":[72.904024,19.052633]}},{"type":"Feature","properties":{"n":"Ghodapdeo","s":"deo","lem":"deo","m":"Unknown","l":"Marathi","lf":"Indo-Aryan","cf":"red","sc":"religious","sg":"built_social","cn":"speculative","brand":0,"sh":5,"gsrc":"osm_place","lat":18.98171,"lon":72.839339},"geometry":{"type":"Polygon","coordinates":[[[72.83781,18.98279],[72.83795,18.98285],[72.83962,18.98278],[72.8408,18.98277],[72.84097,18.98124],[72.84104,18.98098],[72.84067,18.98057],[72.83844,18.9808],[72.83772,18.98082],[72.83776,18.98178],[72.83781,18.98279]]]}},{"type":"Feature","properties":{"n":"Girgaon","s":"gaon","lem":"gaon","m":"Village","l":"Marathi","lf":"Indo-Aryan","cf":"red","sc":"settlement","sg":"settlement","cn":"attested","brand":0,"sh":5,"gsrc":"point","lat":18.954317,"lon":72.817908},"geometry":{"type":"Point","coordinates":[72.817908,18.954317]}},{"type":"Feature","properties":{"n":"Godrej Creek Side Colony","s":"colony","lem":"colony","m":"Settlement","l":"English","lf":"English","cf":"blue","sc":"planned_administrative","sg":"planned_admin","cn":"attested","brand":1,"sh":1,"gsrc":"point","lat":19.105209,"lon":72.932793},"geometry":{"type":"Point","coordinates":[72.932793,19.105209]}},{"type":"Feature","properties":{"n":"Godrej Hillside Colony","s":"colony","lem":"colony","m":"Settlement","l":"English","lf":"English","cf":"blue","sc":"planned_administrative","sg":"planned_admin","cn":"attested","brand":1,"sh":1,"gsrc":"point","lat":19.108208,"lon":72.92095},"geometry":{"type":"Point","coordinates":[72.92095,19.108208]}},{"type":"Feature","properties":{"n":"Godrej Station Side Colony","s":"colony","lem":"colony","m":"Settlement","l":"English","lf":"English","cf":"blue","sc":"planned_administrative","sg":"planned_admin","cn":"attested","brand":1,"sh":1,"gsrc":"point","lat":19.107395,"lon":72.928989},"geometry":{"type":"Point","coordinates":[72.928989,19.107395]}},{"type":"Feature","properties":{"n":"Gokuldham","s":"dham","lem":"dham","m":"Divine abode","l":"Sanskrit","lf":"Indo-Aryan","cf":"red","sc":"religious","sg":"built_social","cn":"attested","brand":0,"sh":5,"gsrc":"point","lat":19.173853,"lon":72.867093},"geometry":{"type":"Point","coordinates":[72.867093,19.173853]}},{"type":"Feature","properties":{"n":"Golibar","s":"\u2014","lem":"Simplex","m":"Single morpheme, no suffix","l":"Pre-suffixal","lf":"Other","cf":"grey","sc":"simplex","sg":"simplex","cn":"attested","brand":0,"sh":0,"gsrc":"point","lat":19.070221,"lon":72.84316},"geometry":{"type":"Point","coordinates":[72.84316,19.070221]}},{"type":"Feature","properties":{"n":"Gopinath Colony","s":"colony","lem":"colony","m":"Settlement","l":"English","lf":"English","cf":"blue","sc":"planned_administrative","sg":"planned_admin","cn":"attested","brand":0,"sh":1,"gsrc":"point","lat":19.045651,"lon":72.85834},"geometry":{"type":"Point","coordinates":[72.85834,19.045651]}},{"type":"Feature","properties":{"n":"Gorai","s":"\u2014","lem":"Simplex","m":"Single morpheme, no suffix","l":"Pre-suffixal","lf":"Other","cf":"grey","sc":"simplex","sg":"simplex","cn":"attested","brand":0,"sh":0,"gsrc":"point","lat":19.228375,"lon":72.825866},"geometry":{"type":"Point","coordinates":[72.825866,19.228375]}},{"type":"Feature","properties":{"n":"Goregaon East","s":"east","lem":"east","m":"Direction","l":"English","lf":"English","cf":"blue","sc":"planned_administrative","sg":"planned_admin","cn":"attested","brand":0,"sh":5,"gsrc":"point","lat":19.169262,"lon":72.855255},"geometry":{"type":"Point","coordinates":[72.855255,19.169262]}},{"type":"Feature","properties":{"n":"Goregaon West","s":"west","lem":"west","m":"Direction","l":"English","lf":"English","cf":"blue","sc":"planned_administrative","sg":"planned_admin","cn":"attested","brand":0,"sh":5,"gsrc":"point","lat":19.163328,"lon":72.8412},"geometry":{"type":"Point","coordinates":[72.8412,19.163328]}},{"type":"Feature","properties":{"n":"Govandi East","s":"east","lem":"east","m":"Direction","l":"English","lf":"English","cf":"blue","sc":"planned_administrative","sg":"planned_admin","cn":"attested","brand":0,"sh":5,"gsrc":"point","lat":19.05668,"lon":72.922422},"geometry":{"type":"Point","coordinates":[72.922422,19.05668]}},{"type":"Feature","properties":{"n":"Govandi Village","s":"village","lem":"village","m":"Village","l":"English","lf":"English","cf":"blue","sc":"settlement","sg":"settlement","cn":"attested","brand":0,"sh":4,"gsrc":"point","lat":19.055121,"lon":72.913213},"geometry":{"type":"Point","coordinates":[72.913213,19.055121]}},{"type":"Feature","properties":{"n":"Govandi West","s":"west","lem":"west","m":"Direction","l":"English","lf":"English","cf":"blue","sc":"planned_administrative","sg":"planned_admin","cn":"attested","brand":0,"sh":5,"gsrc":"point","lat":19.049979,"lon":72.916979},"geometry":{"type":"Point","coordinates":[72.916979,19.049979]}},{"type":"Feature","properties":{"n":"Govardhan Nagar","s":"nagar","lem":"nagar","m":"City","l":"Sanskrit","lf":"Indo-Aryan","cf":"red","sc":"settlement","sg":"settlement","cn":"attested","brand":0,"sh":0,"gsrc":"point","lat":19.18266,"lon":72.947153},"geometry":{"type":"Point","coordinates":[72.947153,19.18266]}},{"type":"Feature","properties":{"n":"Government Colony","s":"colony","lem":"colony","m":"Settlement","l":"English","lf":"English","cf":"blue","sc":"planned_administrative","sg":"planned_admin","cn":"attested","brand":0,"sh":1,"gsrc":"point","lat":19.06302,"lon":72.851758},"geometry":{"type":"Point","coordinates":[72.851758,19.06302]}},{"type":"Feature","properties":{"n":"Govind Nagar","s":"nagar","lem":"nagar","m":"City","l":"Sanskrit","lf":"Indo-Aryan","cf":"red","sc":"settlement","sg":"settlement","cn":"attested","brand":0,"sh":0,"gsrc":"point","lat":19.15691,"lon":72.931117},"geometry":{"type":"Point","coordinates":[72.931117,19.15691]}},{"type":"Feature","properties":{"n":"Govind Nagar","s":"nagar","lem":"nagar","m":"City","l":"Sanskrit","lf":"Indo-Aryan","cf":"red","sc":"settlement","sg":"settlement","cn":"attested","brand":0,"sh":0,"gsrc":"point","lat":19.233896,"lon":72.850421},"geometry":{"type":"Point","coordinates":[72.850421,19.233896]}},{"type":"Feature","properties":{"n":"Gufa Tekdi","s":"tekdi","lem":"tekdi","m":"Hill","l":"Marathi","lf":"Indo-Aryan","cf":"red","sc":"topography","sg":"land","cn":"attested","brand":0,"sh":5,"gsrc":"point","lat":19.139295,"lon":72.857326},"geometry":{"type":"Point","coordinates":[72.857326,19.139295]}},{"type":"Feature","properties":{"n":"Guru Tegh Bahadur Nagar","s":"nagar","lem":"nagar","m":"City","l":"Sanskrit","lf":"Indo-Aryan","cf":"red","sc":"settlement","sg":"settlement","cn":"attested","brand":0,"sh":0,"gsrc":"point","lat":19.036991,"lon":72.862165},"geometry":{"type":"Point","coordinates":[72.862165,19.036991]}},{"type":"Feature","properties":{"n":"Haji Ali","s":"Other","lem":"Other","m":"Unresolved","l":"Unknown","lf":"Other","cf":"grey","sc":"other","sg":"unresolved","cn":"unresolved","brand":0,"sh":5,"gsrc":"point","lat":18.977639,"lon":72.809035},"geometry":{"type":"Point","coordinates":[72.809035,18.977639]}},{"type":"Feature","properties":{"n":"Hallow Pul","s":"Other","lem":"Other","m":"Unresolved","l":"Unknown","lf":"Other","cf":"grey","sc":"other","sg":"unresolved","cn":"unresolved","brand":0,"sh":5,"gsrc":"point","lat":19.075727,"lon":72.879957},"geometry":{"type":"Point","coordinates":[72.879957,19.075727]}},{"type":"Feature","properties":{"n":"Hanuman Nagar","s":"nagar","lem":"nagar","m":"City","l":"Sanskrit","lf":"Indo-Aryan","cf":"red","sc":"settlement","sg":"settlement","cn":"attested","brand":0,"sh":0,"gsrc":"point","lat":19.141276,"lon":72.920761},"geometry":{"type":"Point","coordinates":[72.920761,19.141276]}},{"type":"Feature","properties":{"n":"Hanuman Pada","s":"pada","lem":"pada","m":"Hamlet / Village","l":"Marathi","lf":"Indo-Aryan","cf":"red","sc":"settlement","sg":"settlement","cn":"attested","brand":0,"sh":3,"gsrc":"point","lat":19.177676,"lon":72.936684},"geometry":{"type":"Point","coordinates":[72.936684,19.177676]}},{"type":"Feature","properties":{"n":"Haridas Nagar","s":"nagar","lem":"nagar","m":"City","l":"Sanskrit","lf":"Indo-Aryan","cf":"red","sc":"settlement","sg":"settlement","cn":"attested","brand":0,"sh":0,"gsrc":"point","lat":19.221954,"lon":72.847564},"geometry":{"type":"Point","coordinates":[72.847564,19.221954]}},{"type":"Feature","properties":{"n":"Hariyali","s":"Other","lem":"Other","m":"Unresolved","l":"Unknown","lf":"Other","cf":"grey","sc":"other","sg":"unresolved","cn":"unresolved","brand":0,"sh":5,"gsrc":"point","lat":19.113687,"lon":72.929775},"geometry":{"type":"Point","coordinates":[72.929775,19.113687]}},{"type":"Feature","properties":{"n":"Hastiraj Plot","s":"plot","lem":"plot","m":"Surveyed plot","l":"English","lf":"English","cf":"blue","sc":"planned_administrative","sg":"planned_admin","cn":"probable","brand":0,"sh":5,"gsrc":"point","lat":19.105078,"lon":72.843373},"geometry":{"type":"Point","coordinates":[72.843373,19.105078]}},{"type":"Feature","properties":{"n":"Highland Park","s":"park","lem":"park","m":"Park","l":"English","lf":"English","cf":"blue","sc":"flora_agriculture","sg":"land","cn":"attested","brand":0,"sh":5,"gsrc":"point","lat":19.170566,"lon":72.931951},"geometry":{"type":"Point","coordinates":[72.931951,19.170566]}},{"type":"Feature","properties":{"n":"Hira Nagar","s":"nagar","lem":"nagar","m":"City","l":"Sanskrit","lf":"Indo-Aryan","cf":"red","sc":"settlement","sg":"settlement","cn":"attested","brand":0,"sh":0,"gsrc":"point","lat":19.161816,"lon":72.946289},"geometry":{"type":"Point","coordinates":[72.946289,19.161816]}},{"type":"Feature","properties":{"n":"Hiranandani Gardens","s":"gardens","lem":"garden","m":"Garden","l":"English","lf":"English","cf":"blue","sc":"flora_agriculture","sg":"land","cn":"attested","brand":0,"sh":5,"gsrc":"osm_place","lat":19.118388,"lon":72.911464},"geometry":{"type":"Polygon","coordinates":[[[72.90604,19.11992],[72.90625,19.11846],[72.90606,19.11755],[72.90705,19.11801],[72.90647,19.11587],[72.90602,19.11575],[72.90585,19.11403],[72.90576,19.11403],[72.90488,19.11405],[72.90486,19.11403],[72.90479,19.11403],[72.90476,19.11373],[72.90572,19.1137],[72.90572,19.11285],[72.90572,19.11281],[72.90608,19.11281],[72.90702,19.11277],[72.90774,19.11139],[72.90887,19.11122],[72.91003,19.11101],[72.91138,19.11108],[72.91255,19.11156],[72.91363,19.11238],[72.91354,19.11285],[72.91408,19.11325],[72.91419,19.11364],[72.91386,19.11426],[72.9143,19.11495],[72.91394,19.11559],[72.91447,19.11618],[72.9151,19.11655],[72.91565,19.11715],[72.91601,19.11757],[72.91638,19.11883],[72.91736,19.11844],[72.91788,19.11927],[72.91696,19.11966],[72.91754,19.12039],[72.91756,19.12042],[72.91758,19.12044],[72.91762,19.12049],[72.91767,19.12055],[72.91759,19.12095],[72.9171,19.12113],[72.91704,19.12114],[72.91668,19.12122],[72.91655,19.12125],[72.9164,19.12134],[72.9157,19.12136],[72.91551,19.11967],[72.91271,19.12003],[72.91303,19.12121],[72.91312,19.12249],[72.91319,19.12249],[72.91353,19.12249],[72.91353,19.12258],[72.91353,19.12291],[72.91353,19.12312],[72.91351,19.12318],[72.91344,19.12339],[72.91329,19.12388],[72.91201,19.12357],[72.91102,19.12365],[72.90988,19.12371],[72.9093,19.12365],[72.90898,19.1234],[72.90879,19.12317],[72.90863,19.12262],[72.90837,19.12147],[72.90819,19.12108],[72.90797,19.12081],[72.90761,19.12059],[72.90704,19.12037],[72.90604,19.11992]]]}},{"type":"Feature","properties":{"n":"Howchet Wadi","s":"wadi","lem":"wada","m":"Ground surrounded by large structures","l":"Marathi","lf":"Indo-Aryan","cf":"red","sc":"dwelling","sg":"built_social","cn":"attested","brand":0,"sh":2,"gsrc":"point","lat":19.176259,"lon":72.96143},"geometry":{"type":"Point","coordinates":[72.96143,19.176259]}},{"type":"Feature","properties":{"n":"I C Colony","s":"colony","lem":"colony","m":"Settlement","l":"English","lf":"English","cf":"blue","sc":"planned_administrative","sg":"planned_admin","cn":"attested","brand":0,"sh":1,"gsrc":"point","lat":19.246772,"lon":72.848912},"geometry":{"type":"Point","coordinates":[72.848912,19.246772]}},{"type":"Feature","properties":{"n":"Indira Nagar","s":"nagar","lem":"nagar","m":"City","l":"Sanskrit","lf":"Indo-Aryan","cf":"red","sc":"settlement","sg":"settlement","cn":"attested","brand":0,"sh":0,"gsrc":"point","lat":19.036052,"lon":72.86355},"geometry":{"type":"Point","coordinates":[72.86355,19.036052]}},{"type":"Feature","properties":{"n":"Indira Nagar","s":"nagar","lem":"nagar","m":"City","l":"Sanskrit","lf":"Indo-Aryan","cf":"red","sc":"settlement","sg":"settlement","cn":"attested","brand":0,"sh":0,"gsrc":"point","lat":19.060653,"lon":72.929813},"geometry":{"type":"Point","coordinates":[72.929813,19.060653]}},{"type":"Feature","properties":{"n":"Indira Nagar","s":"nagar","lem":"nagar","m":"City","l":"Sanskrit","lf":"Indo-Aryan","cf":"red","sc":"settlement","sg":"settlement","cn":"attested","brand":0,"sh":0,"gsrc":"point","lat":19.085848,"lon":72.853133},"geometry":{"type":"Point","coordinates":[72.853133,19.085848]}},{"type":"Feature","properties":{"n":"Indira Nagar No.1","s":"nagar","lem":"nagar","m":"City","l":"Sanskrit","lf":"Indo-Aryan","cf":"red","sc":"settlement","sg":"settlement","cn":"attested","brand":0,"sh":0,"gsrc":"point","lat":19.166695,"lon":72.95102},"geometry":{"type":"Point","coordinates":[72.95102,19.166695]}},{"type":"Feature","properties":{"n":"Indira Nagar No.2","s":"nagar","lem":"nagar","m":"City","l":"Sanskrit","lf":"Indo-Aryan","cf":"red","sc":"settlement","sg":"settlement","cn":"attested","brand":0,"sh":0,"gsrc":"point","lat":19.164967,"lon":72.950571},"geometry":{"type":"Point","coordinates":[72.950571,19.164967]}},{"type":"Feature","properties":{"n":"Indira Nagar No.3","s":"nagar","lem":"nagar","m":"City","l":"Sanskrit","lf":"Indo-Aryan","cf":"red","sc":"settlement","sg":"settlement","cn":"attested","brand":0,"sh":0,"gsrc":"point","lat":19.164627,"lon":72.949579},"geometry":{"type":"Point","coordinates":[72.949579,19.164627]}},{"type":"Feature","properties":{"n":"Irla Gaon","s":"gaon","lem":"gaon","m":"Village","l":"Marathi","lf":"Indo-Aryan","cf":"red","sc":"settlement","sg":"settlement","cn":"attested","brand":0,"sh":5,"gsrc":"point","lat":19.108094,"lon":72.843684},"geometry":{"type":"Point","coordinates":[72.843684,19.108094]}},{"type":"Feature","properties":{"n":"Jagdusha Nagar","s":"nagar","lem":"nagar","m":"City","l":"Sanskrit","lf":"Indo-Aryan","cf":"red","sc":"settlement","sg":"settlement","cn":"attested","brand":0,"sh":0,"gsrc":"point","lat":19.094934,"lon":72.908851},"geometry":{"type":"Point","coordinates":[72.908851,19.094934]}},{"type":"Feature","properties":{"n":"Jai Ambe Nagar","s":"nagar","lem":"nagar","m":"City","l":"Sanskrit","lf":"Indo-Aryan","cf":"red","sc":"settlement","sg":"settlement","cn":"attested","brand":0,"sh":0,"gsrc":"point","lat":19.064942,"lon":72.910305},"geometry":{"type":"Point","coordinates":[72.910305,19.064942]}},{"type":"Feature","properties":{"n":"Jai Ambika Nagar","s":"nagar","lem":"nagar","m":"City","l":"Sanskrit","lf":"Indo-Aryan","cf":"red","sc":"settlement","sg":"settlement","cn":"attested","brand":0,"sh":0,"gsrc":"point","lat":19.167156,"lon":72.951686},"geometry":{"type":"Point","coordinates":[72.951686,19.167156]}},{"type":"Feature","properties":{"n":"Jai Jawan Nagar","s":"nagar","lem":"nagar","m":"City","l":"Sanskrit","lf":"Indo-Aryan","cf":"red","sc":"settlement","sg":"settlement","cn":"attested","brand":0,"sh":0,"gsrc":"point","lat":19.222186,"lon":72.861157},"geometry":{"type":"Point","coordinates":[72.861157,19.222186]}},{"type":"Feature","properties":{"n":"Jaishankar Nagar","s":"nagar","lem":"nagar","m":"City","l":"Sanskrit","lf":"Indo-Aryan","cf":"red","sc":"settlement","sg":"settlement","cn":"attested","brand":0,"sh":0,"gsrc":"point","lat":19.160452,"lon":72.929773},"geometry":{"type":"Point","coordinates":[72.929773,19.160452]}},{"type":"Feature","properties":{"n":"Jamil Nagar","s":"nagar","lem":"nagar","m":"City","l":"Sanskrit","lf":"Indo-Aryan","cf":"red","sc":"settlement","sg":"settlement","cn":"attested","brand":0,"sh":0,"gsrc":"point","lat":19.143321,"lon":72.925191},"geometry":{"type":"Point","coordinates":[72.925191,19.143321]}},{"type":"Feature","properties":{"n":"Janakalyan Nagar","s":"nagar","lem":"nagar","m":"City","l":"Sanskrit","lf":"Indo-Aryan","cf":"red","sc":"settlement","sg":"settlement","cn":"attested","brand":0,"sh":0,"gsrc":"point","lat":19.197416,"lon":72.820412},"geometry":{"type":"Point","coordinates":[72.820412,19.197416]}},{"type":"Feature","properties":{"n":"Jarimari","s":"\u2014","lem":"Simplex","m":"Single morpheme, no suffix","l":"Pre-suffixal","lf":"Other","cf":"grey","sc":"simplex","sg":"simplex","cn":"attested","brand":0,"sh":0,"gsrc":"point","lat":19.092049,"lon":72.882099},"geometry":{"type":"Point","coordinates":[72.882099,19.092049]}},{"type":"Feature","properties":{"n":"Jawahar Nagar","s":"nagar","lem":"nagar","m":"City","l":"Sanskrit","lf":"Indo-Aryan","cf":"red","sc":"settlement","sg":"settlement","cn":"attested","brand":0,"sh":0,"gsrc":"point","lat":19.16073,"lon":72.847531},"geometry":{"type":"Point","coordinates":[72.847531,19.16073]}},{"type":"Feature","properties":{"n":"Jeet Nagar","s":"nagar","lem":"nagar","m":"City","l":"Sanskrit","lf":"Indo-Aryan","cf":"red","sc":"settlement","sg":"settlement","cn":"attested","brand":0,"sh":0,"gsrc":"point","lat":19.134273,"lon":72.81097},"geometry":{"type":"Point","coordinates":[72.81097,19.134273]}},{"type":"Feature","properties":{"n":"Jeevan Nagar","s":"nagar","lem":"nagar","m":"City","l":"Sanskrit","lf":"Indo-Aryan","cf":"red","sc":"settlement","sg":"settlement","cn":"attested","brand":0,"sh":0,"gsrc":"point","lat":19.131286,"lon":72.833005},"geometry":{"type":"Point","coordinates":[72.833005,19.131286]}},{"type":"Feature","properties":{"n":"Jogeshwari West","s":"west","lem":"west","m":"Direction","l":"English","lf":"English","cf":"blue","sc":"planned_administrative","sg":"planned_admin","cn":"attested","brand":0,"sh":5,"gsrc":"point","lat":19.136394,"lon":72.837382},"geometry":{"type":"Point","coordinates":[72.837382,19.136394]}},{"type":"Feature","properties":{"n":"Joglekar Nagar","s":"nagar","lem":"nagar","m":"City","l":"Sanskrit","lf":"Indo-Aryan","cf":"red","sc":"settlement","sg":"settlement","cn":"attested","brand":0,"sh":0,"gsrc":"point","lat":19.040716,"lon":72.857926},"geometry":{"type":"Point","coordinates":[72.857926,19.040716]}},{"type":"Feature","properties":{"n":"Joseph Patel Wadi","s":"wadi","lem":"wada","m":"Ground surrounded by large structures","l":"Marathi","lf":"Indo-Aryan","cf":"red","sc":"dwelling","sg":"built_social","cn":"attested","brand":0,"sh":2,"gsrc":"point","lat":19.1312,"lon":72.8149},"geometry":{"type":"Point","coordinates":[72.8149,19.1312]}},{"type":"Feature","properties":{"n":"Juhu","s":"\u2014","lem":"Simplex","m":"Single morpheme, no suffix","l":"Pre-suffixal","lf":"Other","cf":"grey","sc":"simplex","sg":"simplex","cn":"attested","brand":0,"sh":0,"gsrc":"point","lat":19.107021,"lon":72.827528},"geometry":{"type":"Point","coordinates":[72.827528,19.107021]}},{"type":"Feature","properties":{"n":"Juhu Gaothan","s":"gaothan","lem":"gaothan","m":"Site of a village","l":"Marathi","lf":"Indo-Aryan","cf":"red","sc":"settlement","sg":"settlement","cn":"attested","brand":0,"sh":5,"gsrc":"point","lat":19.110233,"lon":72.826588},"geometry":{"type":"Point","coordinates":[72.826588,19.110233]}},{"type":"Feature","properties":{"n":"Juhu Market","s":"market","lem":"market","m":"Market","l":"English","lf":"English","cf":"blue","sc":"commerce","sg":"built_social","cn":"attested","brand":0,"sh":5,"gsrc":"point","lat":19.109044,"lon":72.826436},"geometry":{"type":"Point","coordinates":[72.826436,19.109044]}},{"type":"Feature","properties":{"n":"Juipada","s":"pada","lem":"pada","m":"Hamlet / Village","l":"Marathi","lf":"Indo-Aryan","cf":"red","sc":"settlement","sg":"settlement","cn":"attested","brand":0,"sh":3,"gsrc":"point","lat":19.242104,"lon":72.793038},"geometry":{"type":"Point","coordinates":[72.793038,19.242104]}},{"type":"Feature","properties":{"n":"JVPD Scheme","s":"scheme","lem":"scheme","m":"Layout","l":"English","lf":"English","cf":"blue","sc":"planned_administrative","sg":"planned_admin","cn":"attested","brand":0,"sh":5,"gsrc":"point","lat":19.111171,"lon":72.830408},"geometry":{"type":"Point","coordinates":[72.830408,19.111171]}},{"type":"Feature","properties":{"n":"Jyoti Nagar","s":"nagar","lem":"nagar","m":"City","l":"Sanskrit","lf":"Indo-Aryan","cf":"red","sc":"settlement","sg":"settlement","cn":"attested","brand":0,"sh":0,"gsrc":"point","lat":19.064627,"lon":72.900876},"geometry":{"type":"Point","coordinates":[72.900876,19.064627]}},{"type":"Feature","properties":{"n":"Jyotiba Phule Nagar","s":"nagar","lem":"nagar","m":"City","l":"Sanskrit","lf":"Indo-Aryan","cf":"red","sc":"settlement","sg":"settlement","cn":"attested","brand":0,"sh":0,"gsrc":"point","lat":19.132596,"lon":72.91959},"geometry":{"type":"Point","coordinates":[72.91959,19.132596]}},{"type":"Feature","properties":{"n":"Kadampada","s":"pada","lem":"pada","m":"Hamlet / Village","l":"Marathi","lf":"Indo-Aryan","cf":"red","sc":"settlement","sg":"settlement","cn":"attested","brand":0,"sh":3,"gsrc":"point","lat":19.17867,"lon":72.945633},"geometry":{"type":"Point","coordinates":[72.945633,19.17867]}},{"type":"Feature","properties":{"n":"Kajori Wadi","s":"wadi","lem":"wada","m":"Ground surrounded by large structures","l":"Marathi","lf":"Indo-Aryan","cf":"red","sc":"dwelling","sg":"built_social","cn":"attested","brand":0,"sh":2,"gsrc":"point","lat":19.240629,"lon":72.785751},"geometry":{"type":"Point","coordinates":[72.785751,19.240629]}},{"type":"Feature","properties":{"n":"Kala Ghoda","s":"Other","lem":"Other","m":"Unresolved","l":"Unknown","lf":"Other","cf":"grey","sc":"other","sg":"unresolved","cn":"unresolved","brand":0,"sh":5,"gsrc":"point","lat":18.928458,"lon":72.832599},"geometry":{"type":"Point","coordinates":[72.832599,18.928458]}},{"type":"Feature","properties":{"n":"Kala Nagar","s":"nagar","lem":"nagar","m":"City","l":"Sanskrit","lf":"Indo-Aryan","cf":"red","sc":"settlement","sg":"settlement","cn":"attested","brand":0,"sh":0,"gsrc":"point","lat":19.05467,"lon":72.848509},"geometry":{"type":"Point","coordinates":[72.848509,19.05467]}},{"type":"Feature","properties":{"n":"Kala Qila","s":"qila","lem":"qila","m":"Fort","l":"Persian","lf":"Perso-Arabic","cf":"purple","sc":"fortification","sg":"built_social","cn":"attested","brand":0,"sh":4,"gsrc":"point","lat":19.049822,"lon":72.860295},"geometry":{"type":"Point","coordinates":[72.860295,19.049822]}},{"type":"Feature","properties":{"n":"Kalachowki","s":"chowki","lem":"chowki","m":"Police station","l":"Hindi","lf":"Indo-Aryan","cf":"red","sc":"infrastructure","sg":"built_social","cn":"attested","brand":0,"sh":5,"gsrc":"osm_place","lat":18.989947,"lon":72.843882},"geometry":{"type":"Polygon","coordinates":[[[72.84164,18.99094],[72.84196,18.99128],[72.84259,18.99194],[72.84288,18.99184],[72.84291,18.99177],[72.84298,18.99126],[72.84344,18.99121],[72.84372,18.99162],[72.84465,18.99142],[72.84481,18.99139],[72.84508,18.99166],[72.8453,18.99194],[72.84565,18.99192],[72.84622,18.99173],[72.84636,18.99111],[72.84633,18.9905],[72.84643,18.99031],[72.8464,18.99015],[72.8463,18.99013],[72.84533,18.99058],[72.84469,18.98995],[72.84406,18.98951],[72.84403,18.98943],[72.84495,18.98893],[72.84429,18.98819],[72.84425,18.98813],[72.8443,18.98799],[72.84401,18.98797],[72.84374,18.98795],[72.84246,18.98805],[72.84198,18.98809],[72.8419,18.98811],[72.84155,18.98817],[72.84133,18.98942],[72.84164,18.99094]]]}},{"type":"Feature","properties":{"n":"Kalbadevi","s":"devi","lem":"devi","m":"Goddess","l":"Sanskrit","lf":"Indo-Aryan","cf":"red","sc":"religious","sg":"built_social","cn":"attested","brand":0,"sh":5,"gsrc":"point","lat":18.949258,"lon":72.827938},"geometry":{"type":"Point","coordinates":[72.827938,18.949258]}},{"type":"Feature","properties":{"n":"Kalina","s":"\u2014","lem":"Simplex","m":"Single morpheme, no suffix","l":"Pre-suffixal","lf":"Other","cf":"grey","sc":"simplex","sg":"simplex","cn":"attested","brand":0,"sh":0,"gsrc":"point","lat":19.079273,"lon":72.861267},"geometry":{"type":"Point","coordinates":[72.861267,19.079273]}},{"type":"Feature","properties":{"n":"Kalina Village","s":"village","lem":"village","m":"Village","l":"English","lf":"English","cf":"blue","sc":"settlement","sg":"settlement","cn":"attested","brand":0,"sh":4,"gsrc":"point","lat":19.0753,"lon":72.86768},"geometry":{"type":"Point","coordinates":[72.86768,19.0753]}},{"type":"Feature","properties":{"n":"Kamala Nagar","s":"nagar","lem":"nagar","m":"City","l":"Sanskrit","lf":"Indo-Aryan","cf":"red","sc":"settlement","sg":"settlement","cn":"attested","brand":0,"sh":0,"gsrc":"point","lat":19.102999,"lon":72.841673},"geometry":{"type":"Point","coordinates":[72.841673,19.102999]}},{"type":"Feature","properties":{"n":"Kamani","s":"Other","lem":"Other","m":"Unresolved","l":"Unknown","lf":"Other","cf":"grey","sc":"other","sg":"unresolved","cn":"unresolved","brand":0,"sh":5,"gsrc":"point","lat":19.08841,"lon":72.889159},"geometry":{"type":"Point","coordinates":[72.889159,19.08841]}},{"type":"Feature","properties":{"n":"Kamaraj Nagar","s":"nagar","lem":"nagar","m":"City","l":"Sanskrit","lf":"Indo-Aryan","cf":"red","sc":"settlement","sg":"settlement","cn":"attested","brand":0,"sh":0,"gsrc":"point","lat":19.07255,"lon":72.915445},"geometry":{"type":"Point","coordinates":[72.915445,19.07255]}},{"type":"Feature","properties":{"n":"Kamathipura","s":"pura","lem":"pura","m":"City/Town","l":"Sanskrit","lf":"Indo-Aryan","cf":"red","sc":"settlement","sg":"settlement","cn":"attested","brand":0,"sh":1,"gsrc":"point","lat":18.965066,"lon":72.826183},"geometry":{"type":"Point","coordinates":[72.826183,18.965066]}},{"type":"Feature","properties":{"n":"Kandarpada","s":"pada","lem":"pada","m":"Hamlet / Village","l":"Marathi","lf":"Indo-Aryan","cf":"red","sc":"settlement","sg":"settlement","cn":"attested","brand":0,"sh":3,"gsrc":"point","lat":19.253086,"lon":72.852834},"geometry":{"type":"Point","coordinates":[72.852834,19.253086]}},{"type":"Feature","properties":{"n":"Kandivali East","s":"east","lem":"east","m":"Direction","l":"English","lf":"English","cf":"blue","sc":"planned_administrative","sg":"planned_admin","cn":"attested","brand":0,"sh":5,"gsrc":"point","lat":19.205196,"lon":72.862617},"geometry":{"type":"Point","coordinates":[72.862617,19.205196]}},{"type":"Feature","properties":{"n":"Kandivali West","s":"west","lem":"west","m":"Direction","l":"English","lf":"English","cf":"blue","sc":"planned_administrative","sg":"planned_admin","cn":"attested","brand":0,"sh":5,"gsrc":"point","lat":19.205532,"lon":72.839927},"geometry":{"type":"Point","coordinates":[72.839927,19.205532]}},{"type":"Feature","properties":{"n":"Kanjur Gaon","s":"gaon","lem":"gaon","m":"Village","l":"Marathi","lf":"Indo-Aryan","cf":"red","sc":"settlement","sg":"settlement","cn":"attested","brand":0,"sh":5,"gsrc":"point","lat":19.133697,"lon":72.938194},"geometry":{"type":"Point","coordinates":[72.938194,19.133697]}},{"type":"Feature","properties":{"n":"Kanjur West","s":"west","lem":"west","m":"Direction","l":"English","lf":"English","cf":"blue","sc":"planned_administrative","sg":"planned_admin","cn":"attested","brand":0,"sh":5,"gsrc":"point","lat":19.128991,"lon":72.922598},"geometry":{"type":"Point","coordinates":[72.922598,19.128991]}},{"type":"Feature","properties":{"n":"Kannamwar Nagar I","s":"nagar","lem":"nagar","m":"City","l":"Sanskrit","lf":"Indo-Aryan","cf":"red","sc":"settlement","sg":"settlement","cn":"attested","brand":0,"sh":0,"gsrc":"point","lat":19.113294,"lon":72.935176},"geometry":{"type":"Point","coordinates":[72.935176,19.113294]}},{"type":"Feature","properties":{"n":"Kannamwar Nagar II","s":"nagar","lem":"nagar","m":"City","l":"Sanskrit","lf":"Indo-Aryan","cf":"red","sc":"settlement","sg":"settlement","cn":"attested","brand":0,"sh":0,"gsrc":"point","lat":19.116838,"lon":72.94012},"geometry":{"type":"Point","coordinates":[72.94012,19.116838]}},{"type":"Feature","properties":{"n":"Kapad Bazar","s":"bazar","lem":"bazaar","m":"Market","l":"Hindi","lf":"Indo-Aryan","cf":"red","sc":"commerce","sg":"built_social","cn":"attested","brand":0,"sh":5,"gsrc":"point","lat":19.037147,"lon":72.839455},"geometry":{"type":"Point","coordinates":[72.839455,19.037147]}},{"type":"Feature","properties":{"n":"Kapol Wadi","s":"wadi","lem":"wada","m":"Ground surrounded by large structures","l":"Marathi","lf":"Indo-Aryan","cf":"red","sc":"dwelling","sg":"built_social","cn":"attested","brand":0,"sh":2,"gsrc":"point","lat":19.086033,"lon":72.906405},"geometry":{"type":"Point","coordinates":[72.906405,19.086033]}},{"type":"Feature","properties":{"n":"Keshav Pada","s":"pada","lem":"pada","m":"Hamlet / Village","l":"Marathi","lf":"Indo-Aryan","cf":"red","sc":"settlement","sg":"settlement","cn":"attested","brand":0,"sh":3,"gsrc":"point","lat":19.171777,"lon":72.946381},"geometry":{"type":"Point","coordinates":[72.946381,19.171777]}},{"type":"Feature","properties":{"n":"Ketkipada","s":"pada","lem":"pada","m":"Hamlet / Village","l":"Marathi","lf":"Indo-Aryan","cf":"red","sc":"settlement","sg":"settlement","cn":"attested","brand":0,"sh":3,"gsrc":"point","lat":19.256092,"lon":72.874835},"geometry":{"type":"Point","coordinates":[72.874835,19.256092]}},{"type":"Feature","properties":{"n":"Ketli Pada","s":"pada","lem":"pada","m":"Hamlet / Village","l":"Marathi","lf":"Indo-Aryan","cf":"red","sc":"settlement","sg":"settlement","cn":"attested","brand":0,"sh":3,"gsrc":"point","lat":19.144403,"lon":72.866145},"geometry":{"type":"Point","coordinates":[72.866145,19.144403]}},{"type":"Feature","properties":{"n":"Khadak","s":"khadak","lem":"khadak","m":"Rock / rocky ground","l":"Marathi","lf":"Indo-Aryan","cf":"red","sc":"topography","sg":"land","cn":"probable","brand":0,"sh":5,"gsrc":"point","lat":18.954949,"lon":72.835885},"geometry":{"type":"Point","coordinates":[72.835885,18.954949]}},{"type":"Feature","properties":{"n":"Khadan","s":"khadan","lem":"khadan","m":"Quarry","l":"Marathi","lf":"Indo-Aryan","cf":"red","sc":"commerce","sg":"built_social","cn":"probable","brand":0,"sh":5,"gsrc":"point","lat":19.163431,"lon":72.93002},"geometry":{"type":"Point","coordinates":[72.93002,19.163431]}},{"type":"Feature","properties":{"n":"Khar","s":"\u2014","lem":"Simplex","m":"Single morpheme, no suffix","l":"Pre-suffixal","lf":"Other","cf":"grey","sc":"simplex","sg":"simplex","cn":"attested","brand":0,"sh":0,"gsrc":"point","lat":19.072457,"lon":72.833707},"geometry":{"type":"Point","coordinates":[72.833707,19.072457]}},{"type":"Feature","properties":{"n":"Khar Danda Koliwada","s":"koliwada","lem":"koliwada","m":"Koli fishing settlement","l":"Marathi","lf":"Indo-Aryan","cf":"red","sc":"settlement","sg":"settlement","cn":"attested","brand":0,"sh":4,"gsrc":"point","lat":19.077137,"lon":72.824487},"geometry":{"type":"Point","coordinates":[72.824487,19.077137]}},{"type":"Feature","properties":{"n":"Khardev Nagar","s":"nagar","lem":"nagar","m":"City","l":"Sanskrit","lf":"Indo-Aryan","cf":"red","sc":"settlement","sg":"settlement","cn":"attested","brand":0,"sh":0,"gsrc":"point","lat":19.055973,"lon":72.908106},"geometry":{"type":"Point","coordinates":[72.908106,19.055973]}},{"type":"Feature","properties":{"n":"Kharodi","s":"\u2014","lem":"Simplex","m":"Single morpheme, no suffix","l":"Pre-suffixal","lf":"Other","cf":"grey","sc":"simplex","sg":"simplex","cn":"attested","brand":0,"sh":0,"gsrc":"point","lat":19.191684,"lon":72.814098},"geometry":{"type":"Point","coordinates":[72.814098,19.191684]}},{"type":"Feature","properties":{"n":"Kherwadi","s":"wadi","lem":"wada","m":"Ground surrounded by large structures","l":"Marathi","lf":"Indo-Aryan","cf":"red","sc":"dwelling","sg":"built_social","cn":"attested","brand":0,"sh":2,"gsrc":"point","lat":19.061218,"lon":72.844873},"geometry":{"type":"Point","coordinates":[72.844873,19.061218]}},{"type":"Feature","properties":{"n":"Khindipada","s":"pada","lem":"pada","m":"Hamlet / Village","l":"Marathi","lf":"Indo-Aryan","cf":"red","sc":"settlement","sg":"settlement","cn":"attested","brand":0,"sh":3,"gsrc":"point","lat":19.165035,"lon":72.930417},"geometry":{"type":"Point","coordinates":[72.930417,19.165035]}},{"type":"Feature","properties":{"n":"Khira Nagar","s":"nagar","lem":"nagar","m":"City","l":"Sanskrit","lf":"Indo-Aryan","cf":"red","sc":"settlement","sg":"settlement","cn":"attested","brand":0,"sh":0,"gsrc":"osm_place","lat":19.088167,"lon":72.836525},"geometry":{"type":"Polygon","coordinates":[[[72.83815,19.08965],[72.83717,19.0897],[72.83698,19.08969],[72.83664,19.08961],[72.836,19.08959],[72.83591,19.08877],[72.83591,19.08868],[72.83592,19.0886],[72.836,19.08855],[72.83596,19.08847],[72.83561,19.08815],[72.83542,19.08795],[72.83536,19.08789],[72.83524,19.0878],[72.8349,19.08767],[72.835,19.08703],[72.83568,19.08713],[72.83592,19.08664],[72.83684,19.08666],[72.83801,19.08675],[72.83815,19.08965]]]}},{"type":"Feature","properties":{"n":"Kirol VIllage","s":"village","lem":"village","m":"Village","l":"English","lf":"English","cf":"blue","sc":"settlement","sg":"settlement","cn":"attested","brand":0,"sh":4,"gsrc":"point","lat":19.081642,"lon":72.897071},"geometry":{"type":"Point","coordinates":[72.897071,19.081642]}},{"type":"Feature","properties":{"n":"Kismat Nagar","s":"nagar","lem":"nagar","m":"City","l":"Sanskrit","lf":"Indo-Aryan","cf":"red","sc":"settlement","sg":"settlement","cn":"attested","brand":0,"sh":0,"gsrc":"point","lat":19.076766,"lon":72.875139},"geometry":{"type":"Point","coordinates":[72.875139,19.076766]}},{"type":"Feature","properties":{"n":"Kokan Nagar","s":"nagar","lem":"nagar","m":"City","l":"Sanskrit","lf":"Indo-Aryan","cf":"red","sc":"settlement","sg":"settlement","cn":"attested","brand":0,"sh":0,"gsrc":"point","lat":19.146547,"lon":72.92885},"geometry":{"type":"Point","coordinates":[72.92885,19.146547]}},{"type":"Feature","properties":{"n":"Kolivery Village","s":"village","lem":"village","m":"Village","l":"English","lf":"English","cf":"blue","sc":"settlement","sg":"settlement","cn":"attested","brand":0,"sh":4,"gsrc":"point","lat":19.078788,"lon":72.864322},"geometry":{"type":"Point","coordinates":[72.864322,19.078788]}},{"type":"Feature","properties":{"n":"Koliwada","s":"koliwada","lem":"koliwada","m":"Koli fishing settlement","l":"Marathi","lf":"Indo-Aryan","cf":"red","sc":"settlement","sg":"settlement","cn":"attested","brand":0,"sh":4,"gsrc":"point","lat":19.046575,"lon":72.853704},"geometry":{"type":"Point","coordinates":[72.853704,19.046575]}},{"type":"Feature","properties":{"n":"Kondivita Village","s":"village","lem":"village","m":"Village","l":"English","lf":"English","cf":"blue","sc":"settlement","sg":"settlement","cn":"attested","brand":0,"sh":4,"gsrc":"point","lat":19.116452,"lon":72.870973},"geometry":{"type":"Point","coordinates":[72.870973,19.116452]}},{"type":"Feature","properties":{"n":"Kora Kendra","s":"kendra","lem":"kendra","m":"Centre for some activity","l":"Hindi","lf":"Indo-Aryan","cf":"red","sc":"religious","sg":"built_social","cn":"attested","brand":0,"sh":5,"gsrc":"point","lat":19.221301,"lon":72.849918},"geometry":{"type":"Point","coordinates":[72.849918,19.221301]}},{"type":"Feature","properties":{"n":"Korba Mithagar","s":"mithagar","lem":"mithagar","m":"Salt pan","l":"Marathi","lf":"Indo-Aryan","cf":"red","sc":"commerce","sg":"built_social","cn":"attested","brand":0,"sh":5,"gsrc":"point","lat":19.015718,"lon":72.865542},"geometry":{"type":"Point","coordinates":[72.865542,19.015718]}},{"type":"Feature","properties":{"n":"Kothu Wadi","s":"wadi","lem":"wada","m":"Ground surrounded by large structures","l":"Marathi","lf":"Indo-Aryan","cf":"red","sc":"dwelling","sg":"built_social","cn":"attested","brand":0,"sh":2,"gsrc":"point","lat":19.090345,"lon":72.840585},"geometry":{"type":"Point","coordinates":[72.840585,19.090345]}},{"type":"Feature","properties":{"n":"Kulkarni Wadi","s":"wadi","lem":"wada","m":"Ground surrounded by large structures","l":"Marathi","lf":"Indo-Aryan","cf":"red","sc":"dwelling","sg":"built_social","cn":"attested","brand":0,"sh":2,"gsrc":"point","lat":19.098993,"lon":72.897192},"geometry":{"type":"Point","coordinates":[72.897192,19.098993]}},{"type":"Feature","properties":{"n":"Kurar","s":"\u2014","lem":"Simplex","m":"Single morpheme, no suffix","l":"Pre-suffixal","lf":"Other","cf":"grey","sc":"simplex","sg":"simplex","cn":"attested","brand":0,"sh":0,"gsrc":"point","lat":19.187819,"lon":72.864198},"geometry":{"type":"Point","coordinates":[72.864198,19.187819]}},{"type":"Feature","properties":{"n":"Kurla Christian Village","s":"village","lem":"village","m":"Village","l":"English","lf":"English","cf":"blue","sc":"settlement","sg":"settlement","cn":"attested","brand":0,"sh":4,"gsrc":"point","lat":19.082266,"lon":72.884009},"geometry":{"type":"Point","coordinates":[72.884009,19.082266]}},{"type":"Feature","properties":{"n":"Kurla East","s":"east","lem":"east","m":"Direction","l":"English","lf":"English","cf":"blue","sc":"planned_administrative","sg":"planned_admin","cn":"attested","brand":0,"sh":5,"gsrc":"point","lat":19.062894,"lon":72.88256},"geometry":{"type":"Point","coordinates":[72.88256,19.062894]}},{"type":"Feature","properties":{"n":"Kurla West","s":"west","lem":"west","m":"Direction","l":"English","lf":"English","cf":"blue","sc":"planned_administrative","sg":"planned_admin","cn":"attested","brand":0,"sh":5,"gsrc":"point","lat":19.068603,"lon":72.876583},"geometry":{"type":"Point","coordinates":[72.876583,19.068603]}},{"type":"Feature","properties":{"n":"Lal Bahadur Shastri Nagar","s":"nagar","lem":"nagar","m":"City","l":"Sanskrit","lf":"Indo-Aryan","cf":"red","sc":"settlement","sg":"settlement","cn":"attested","brand":0,"sh":0,"gsrc":"point","lat":19.013751,"lon":72.865426},"geometry":{"type":"Point","coordinates":[72.865426,19.013751]}},{"type":"Feature","properties":{"n":"Lal Baug","s":"baug","lem":"bagh","m":"Garden","l":"Persian","lf":"Perso-Arabic","cf":"purple","sc":"flora_agriculture","sg":"land","cn":"attested","brand":0,"sh":0,"gsrc":"point","lat":18.993529,"lon":72.842407},"geometry":{"type":"Point","coordinates":[72.842407,18.993529]}},{"type":"Feature","properties":{"n":"Lal Mati (Lal Mitti)","s":"mati","lem":"mati","m":"Earth / soil","l":"Marathi","lf":"Indo-Aryan","cf":"red","sc":"topography","sg":"land","cn":"probable","brand":0,"sh":5,"gsrc":"point","lat":19.050942,"lon":72.835279},"geometry":{"type":"Point","coordinates":[72.835279,19.050942]}},{"type":"Feature","properties":{"n":"Lalbaug","s":"baug","lem":"bagh","m":"Garden","l":"Persian","lf":"Perso-Arabic","cf":"purple","sc":"flora_agriculture","sg":"land","cn":"attested","brand":0,"sh":0,"gsrc":"point","lat":18.991424,"lon":72.836459},"geometry":{"type":"Point","coordinates":[72.836459,18.991424]}},{"type":"Feature","properties":{"n":"Lallubhai Compound","s":"compound","lem":"compound","m":"Gated area","l":"English","lf":"English","cf":"blue","sc":"planned_administrative","sg":"planned_admin","cn":"attested","brand":0,"sh":5,"gsrc":"point","lat":19.053678,"lon":72.927367},"geometry":{"type":"Point","coordinates":[72.927367,19.053678]}},{"type":"Feature","properties":{"n":"Land's End","s":"Other","lem":"Other","m":"Unresolved","l":"Unknown","lf":"Other","cf":"grey","sc":"other","sg":"unresolved","cn":"unresolved","brand":0,"sh":5,"gsrc":"point","lat":19.045287,"lon":72.820058},"geometry":{"type":"Point","coordinates":[72.820058,19.045287]}},{"type":"Feature","properties":{"n":"Lasunwadi","s":"wadi","lem":"wada","m":"Ground surrounded by large structures","l":"Marathi","lf":"Indo-Aryan","cf":"red","sc":"dwelling","sg":"built_social","cn":"attested","brand":0,"sh":2,"gsrc":"point","lat":19.086071,"lon":72.854222},"geometry":{"type":"Point","coordinates":[72.854222,19.086071]}},{"type":"Feature","properties":{"n":"Laxmi Baug","s":"baug","lem":"bagh","m":"Garden","l":"Persian","lf":"Perso-Arabic","cf":"purple","sc":"flora_agriculture","sg":"land","cn":"attested","brand":0,"sh":0,"gsrc":"point","lat":19.045495,"lon":72.858768},"geometry":{"type":"Point","coordinates":[72.858768,19.045495]}},{"type":"Feature","properties":{"n":"Laxmi Nagar","s":"nagar","lem":"nagar","m":"City","l":"Sanskrit","lf":"Indo-Aryan","cf":"red","sc":"settlement","sg":"settlement","cn":"attested","brand":0,"sh":0,"gsrc":"osm_place","lat":19.090804,"lon":72.916798},"geometry":{"type":"Polygon","coordinates":[[[72.91886,19.09484],[72.91479,19.09064],[72.91521,19.09032],[72.91634,19.08965],[72.91694,19.08934],[72.91781,19.08863],[72.91808,19.08888],[72.91798,19.08908],[72.91778,19.09014],[72.91776,19.09087],[72.91729,19.09164],[72.91761,19.09234],[72.91803,19.09262],[72.91828,19.09269],[72.91895,19.09275],[72.91908,19.09326],[72.91889,19.09481],[72.91886,19.09484]]]}},{"type":"Feature","properties":{"n":"LIC Housing Colony","s":"colony","lem":"colony","m":"Settlement","l":"English","lf":"English","cf":"blue","sc":"planned_administrative","sg":"planned_admin","cn":"attested","brand":0,"sh":1,"gsrc":"point","lat":19.165823,"lon":72.954639},"geometry":{"type":"Point","coordinates":[72.954639,19.165823]}},{"type":"Feature","properties":{"n":"Limboni Baug","s":"baug","lem":"bagh","m":"Garden","l":"Persian","lf":"Perso-Arabic","cf":"purple","sc":"flora_agriculture","sg":"land","cn":"attested","brand":0,"sh":0,"gsrc":"point","lat":19.059248,"lon":72.912215},"geometry":{"type":"Point","coordinates":[72.912215,19.059248]}},{"type":"Feature","properties":{"n":"Linking Road Shopping area","s":"Other","lem":"Other","m":"Unresolved","l":"Unknown","lf":"Other","cf":"grey","sc":"other","sg":"unresolved","cn":"unresolved","brand":0,"sh":5,"gsrc":"point","lat":19.065501,"lon":72.834232},"geometry":{"type":"Point","coordinates":[72.834232,19.065501]}},{"type":"Feature","properties":{"n":"Lok Rachna","s":"Other","lem":"Other","m":"Unresolved","l":"Unknown","lf":"Other","cf":"grey","sc":"other","sg":"unresolved","cn":"unresolved","brand":0,"sh":5,"gsrc":"point","lat":19.16746,"lon":72.933335},"geometry":{"type":"Point","coordinates":[72.933335,19.16746]}},{"type":"Feature","properties":{"n":"Lower Parel","s":"\u2014","lem":"Simplex","m":"Single morpheme, no suffix","l":"Pre-suffixal","lf":"Other","cf":"grey","sc":"simplex","sg":"simplex","cn":"attested","brand":0,"sh":0,"gsrc":"point","lat":19.002988,"lon":72.830322},"geometry":{"type":"Point","coordinates":[72.830322,19.002988]}},{"type":"Feature","properties":{"n":"Machimar Nagar","s":"nagar","lem":"nagar","m":"City","l":"Sanskrit","lf":"Indo-Aryan","cf":"red","sc":"settlement","sg":"settlement","cn":"attested","brand":0,"sh":0,"gsrc":"point","lat":18.919263,"lon":72.824802},"geometry":{"type":"Point","coordinates":[72.824802,18.919263]}},{"type":"Feature","properties":{"n":"Madh","s":"\u2014","lem":"Simplex","m":"Single morpheme, no suffix","l":"Pre-suffixal","lf":"Other","cf":"grey","sc":"simplex","sg":"simplex","cn":"attested","brand":0,"sh":0,"gsrc":"point","lat":19.137528,"lon":72.791886},"geometry":{"type":"Point","coordinates":[72.791886,19.137528]}},{"type":"Feature","properties":{"n":"Madraswadi","s":"wadi","lem":"wada","m":"Ground surrounded by large structures","l":"Marathi","lf":"Indo-Aryan","cf":"red","sc":"dwelling","sg":"built_social","cn":"attested","brand":0,"sh":2,"gsrc":"point","lat":19.08603,"lon":72.855445},"geometry":{"type":"Point","coordinates":[72.855445,19.08603]}},{"type":"Feature","properties":{"n":"Mafco Colony","s":"colony","lem":"colony","m":"Settlement","l":"English","lf":"English","cf":"blue","sc":"planned_administrative","sg":"planned_admin","cn":"attested","brand":0,"sh":1,"gsrc":"point","lat":19.23003,"lon":72.874002},"geometry":{"type":"Point","coordinates":[72.874002,19.23003]}},{"type":"Feature","properties":{"n":"Mahadevchi Wadi","s":"wadi","lem":"wada","m":"Ground surrounded by large structures","l":"Marathi","lf":"Indo-Aryan","cf":"red","sc":"dwelling","sg":"built_social","cn":"attested","brand":0,"sh":2,"gsrc":"point","lat":19.002876,"lon":72.847123},"geometry":{"type":"Point","coordinates":[72.847123,19.002876]}},{"type":"Feature","properties":{"n":"Mahakali Nagar","s":"nagar","lem":"nagar","m":"City","l":"Sanskrit","lf":"Indo-Aryan","cf":"red","sc":"settlement","sg":"settlement","cn":"attested","brand":0,"sh":0,"gsrc":"point","lat":19.165898,"lon":72.961971},"geometry":{"type":"Point","coordinates":[72.961971,19.165898]}},{"type":"Feature","properties":{"n":"Mahalakshmi","s":"Other","lem":"Other","m":"Unresolved","l":"Unknown","lf":"Other","cf":"grey","sc":"other","sg":"unresolved","cn":"unresolved","brand":0,"sh":5,"gsrc":"point","lat":18.989213,"lon":72.81868},"geometry":{"type":"Point","coordinates":[72.81868,18.989213]}},{"type":"Feature","properties":{"n":"Maharashtra Nagar","s":"nagar","lem":"nagar","m":"City","l":"Sanskrit","lf":"Indo-Aryan","cf":"red","sc":"settlement","sg":"settlement","cn":"attested","brand":0,"sh":0,"gsrc":"point","lat":19.04857,"lon":72.939252},"geometry":{"type":"Point","coordinates":[72.939252,19.04857]}},{"type":"Feature","properties":{"n":"Mahatma Phule Nagar","s":"nagar","lem":"nagar","m":"City","l":"Sanskrit","lf":"Indo-Aryan","cf":"red","sc":"settlement","sg":"settlement","cn":"attested","brand":0,"sh":0,"gsrc":"point","lat":19.0492,"lon":72.8788},"geometry":{"type":"Point","coordinates":[72.8788,19.0492]}},{"type":"Feature","properties":{"n":"Mahavir Nagar","s":"nagar","lem":"nagar","m":"City","l":"Sanskrit","lf":"Indo-Aryan","cf":"red","sc":"settlement","sg":"settlement","cn":"attested","brand":0,"sh":0,"gsrc":"point","lat":19.214988,"lon":72.837864},"geometry":{"type":"Point","coordinates":[72.837864,19.214988]}},{"type":"Feature","properties":{"n":"Mahim","s":"\u2014","lem":"Simplex","m":"Single morpheme, no suffix","l":"Pre-suffixal","lf":"Other","cf":"grey","sc":"simplex","sg":"simplex","cn":"attested","brand":0,"sh":0,"gsrc":"point","lat":19.042314,"lon":72.839834},"geometry":{"type":"Point","coordinates":[72.839834,19.042314]}},{"type":"Feature","properties":{"n":"Mahim Koliwada","s":"koliwada","lem":"koliwada","m":"Koli fishing settlement","l":"Marathi","lf":"Indo-Aryan","cf":"red","sc":"settlement","sg":"settlement","cn":"attested","brand":0,"sh":4,"gsrc":"point","lat":19.047697,"lon":72.837167},"geometry":{"type":"Point","coordinates":[72.837167,19.047697]}},{"type":"Feature","properties":{"n":"Mahim Parsi Colony","s":"colony","lem":"colony","m":"Settlement","l":"English","lf":"English","cf":"blue","sc":"planned_administrative","sg":"planned_admin","cn":"attested","brand":0,"sh":1,"gsrc":"point","lat":19.042563,"lon":72.842707},"geometry":{"type":"Point","coordinates":[72.842707,19.042563]}},{"type":"Feature","properties":{"n":"Mahul","s":"\u2014","lem":"Simplex","m":"Single morpheme, no suffix","l":"Pre-suffixal","lf":"Other","cf":"grey","sc":"simplex","sg":"simplex","cn":"attested","brand":0,"sh":0,"gsrc":"point","lat":19.014178,"lon":72.897234},"geometry":{"type":"Point","coordinates":[72.897234,19.014178]}},{"type":"Feature","properties":{"n":"Mahul Koliwada","s":"koliwada","lem":"koliwada","m":"Koli fishing settlement","l":"Marathi","lf":"Indo-Aryan","cf":"red","sc":"settlement","sg":"settlement","cn":"attested","brand":0,"sh":4,"gsrc":"point","lat":19.014618,"lon":72.889241},"geometry":{"type":"Point","coordinates":[72.889241,19.014618]}},{"type":"Feature","properties":{"n":"Maitri Park","s":"park","lem":"park","m":"Park","l":"English","lf":"English","cf":"blue","sc":"flora_agriculture","sg":"land","cn":"attested","brand":0,"sh":5,"gsrc":"point","lat":19.049211,"lon":72.905404},"geometry":{"type":"Point","coordinates":[72.905404,19.049211]}},{"type":"Feature","properties":{"n":"Malabar Hill","s":"hill","lem":"hill","m":"Hill","l":"English","lf":"English","cf":"blue","sc":"topography","sg":"land","cn":"attested","brand":0,"sh":5,"gsrc":"point","lat":18.958162,"lon":72.803366},"geometry":{"type":"Point","coordinates":[72.803366,18.958162]}},{"type":"Feature","properties":{"n":"Malad East","s":"east","lem":"east","m":"Direction","l":"English","lf":"English","cf":"blue","sc":"planned_administrative","sg":"planned_admin","cn":"attested","brand":0,"sh":5,"gsrc":"point","lat":19.186022,"lon":72.856318},"geometry":{"type":"Point","coordinates":[72.856318,19.186022]}},{"type":"Feature","properties":{"n":"Malad West","s":"west","lem":"west","m":"Direction","l":"English","lf":"English","cf":"blue","sc":"planned_administrative","sg":"planned_admin","cn":"attested","brand":0,"sh":5,"gsrc":"point","lat":19.184013,"lon":72.841216},"geometry":{"type":"Point","coordinates":[72.841216,19.184013]}},{"type":"Feature","properties":{"n":"Mali Nagar","s":"nagar","lem":"nagar","m":"City","l":"Sanskrit","lf":"Indo-Aryan","cf":"red","sc":"settlement","sg":"settlement","cn":"attested","brand":0,"sh":0,"gsrc":"point","lat":19.163117,"lon":72.876413},"geometry":{"type":"Point","coordinates":[72.876413,19.163117]}},{"type":"Feature","properties":{"n":"Malla","s":"Other","lem":"Other","m":"Unresolved","l":"Unknown","lf":"Other","cf":"grey","sc":"other","sg":"unresolved","cn":"unresolved","brand":0,"sh":5,"gsrc":"point","lat":19.063561,"lon":72.825389},"geometry":{"type":"Point","coordinates":[72.825389,19.063561]}},{"type":"Feature","properties":{"n":"Mallapada","s":"pada","lem":"pada","m":"Hamlet / Village","l":"Marathi","lf":"Indo-Aryan","cf":"red","sc":"settlement","sg":"settlement","cn":"attested","brand":0,"sh":3,"gsrc":"point","lat":19.222521,"lon":72.872222},"geometry":{"type":"Point","coordinates":[72.872222,19.222521]}},{"type":"Feature","properties":{"n":"Malpa Dongri","s":"dongri","lem":"dongri","m":"Hillock (from dongar)","l":"Marathi","lf":"Indo-Aryan","cf":"red","sc":"topography","sg":"land","cn":"attested","brand":0,"sh":5,"gsrc":"point","lat":19.123152,"lon":72.859991},"geometry":{"type":"Point","coordinates":[72.859991,19.123152]}},{"type":"Feature","properties":{"n":"Malvani Koliwada","s":"koliwada","lem":"koliwada","m":"Koli fishing settlement","l":"Marathi","lf":"Indo-Aryan","cf":"red","sc":"settlement","sg":"settlement","cn":"attested","brand":0,"sh":4,"gsrc":"point","lat":19.198268,"lon":72.809343},"geometry":{"type":"Point","coordinates":[72.809343,19.198268]}},{"type":"Feature","properties":{"n":"Malwani","s":"\u2014","lem":"Simplex","m":"Single morpheme, no suffix","l":"Pre-suffixal","lf":"Other","cf":"grey","sc":"simplex","sg":"simplex","cn":"attested","brand":0,"sh":0,"gsrc":"point","lat":19.185596,"lon":72.819594},"geometry":{"type":"Point","coordinates":[72.819594,19.185596]}},{"type":"Feature","properties":{"n":"Mandala","s":"\u2014","lem":"Simplex","m":"Single morpheme, no suffix","l":"Pre-suffixal","lf":"Other","cf":"grey","sc":"simplex","sg":"simplex","cn":"attested","brand":0,"sh":0,"gsrc":"point","lat":19.038583,"lon":72.936009},"geometry":{"type":"Point","coordinates":[72.936009,19.038583]}},{"type":"Feature","properties":{"n":"Mandala","s":"\u2014","lem":"Simplex","m":"Single morpheme, no suffix","l":"Pre-suffixal","lf":"Other","cf":"grey","sc":"simplex","sg":"simplex","cn":"attested","brand":0,"sh":0,"gsrc":"point","lat":19.053256,"lon":72.937733},"geometry":{"type":"Point","coordinates":[72.937733,19.053256]}},{"type":"Feature","properties":{"n":"Mandvi","s":"\u2014","lem":"Simplex","m":"Single morpheme, no suffix","l":"Pre-suffixal","lf":"Other","cf":"grey","sc":"simplex","sg":"simplex","cn":"attested","brand":0,"sh":0,"gsrc":"point","lat":18.957684,"lon":72.835586},"geometry":{"type":"Point","coordinates":[72.835586,18.957684]}},{"type":"Feature","properties":{"n":"Mangal Nagar","s":"nagar","lem":"nagar","m":"City","l":"Sanskrit","lf":"Indo-Aryan","cf":"red","sc":"settlement","sg":"settlement","cn":"attested","brand":0,"sh":0,"gsrc":"point","lat":19.136071,"lon":72.809153},"geometry":{"type":"Point","coordinates":[72.809153,19.136071]}},{"type":"Feature","properties":{"n":"Mankhurd","s":"khurd","lem":"khurd","m":"Small (Junior)","l":"Persian","lf":"Perso-Arabic","cf":"purple","sc":"settlement","sg":"settlement","cn":"attested","brand":0,"sh":5,"gsrc":"point","lat":19.052083,"lon":72.933916},"geometry":{"type":"Point","coordinates":[72.933916,19.052083]}},{"type":"Feature","properties":{"n":"Mankhurd Village","s":"village","lem":"village","m":"Village","l":"English","lf":"English","cf":"blue","sc":"settlement","sg":"settlement","cn":"attested","brand":0,"sh":4,"gsrc":"point","lat":19.04668,"lon":72.929379},"geometry":{"type":"Point","coordinates":[72.929379,19.04668]}},{"type":"Feature","properties":{"n":"Maraoli Village","s":"village","lem":"village","m":"Village","l":"English","lf":"English","cf":"blue","sc":"settlement","sg":"settlement","cn":"attested","brand":0,"sh":4,"gsrc":"point","lat":19.040725,"lon":72.891701},"geometry":{"type":"Point","coordinates":[72.891701,19.040725]}},{"type":"Feature","properties":{"n":"Mariammar Nagar","s":"nagar","lem":"nagar","m":"City","l":"Sanskrit","lf":"Indo-Aryan","cf":"red","sc":"settlement","sg":"settlement","cn":"attested","brand":0,"sh":0,"gsrc":"point","lat":18.992757,"lon":72.817523},"geometry":{"type":"Point","coordinates":[72.817523,18.992757]}},{"type":"Feature","properties":{"n":"Marol Village","s":"village","lem":"village","m":"Village","l":"English","lf":"English","cf":"blue","sc":"settlement","sg":"settlement","cn":"attested","brand":0,"sh":4,"gsrc":"point","lat":19.114435,"lon":72.877615},"geometry":{"type":"Point","coordinates":[72.877615,19.114435]}},{"type":"Feature","properties":{"n":"Maroshi Pada","s":"pada","lem":"pada","m":"Hamlet / Village","l":"Marathi","lf":"Indo-Aryan","cf":"red","sc":"settlement","sg":"settlement","cn":"attested","brand":0,"sh":3,"gsrc":"point","lat":19.148158,"lon":72.893568},"geometry":{"type":"Point","coordinates":[72.893568,19.148158]}},{"type":"Feature","properties":{"n":"Marve","s":"\u2014","lem":"Simplex","m":"Single morpheme, no suffix","l":"Pre-suffixal","lf":"Other","cf":"grey","sc":"simplex","sg":"simplex","cn":"attested","brand":0,"sh":0,"gsrc":"point","lat":19.194697,"lon":72.799203},"geometry":{"type":"Point","coordinates":[72.799203,19.194697]}},{"type":"Feature","properties":{"n":"Masjid Bunder","s":"bunder","lem":"bandar","m":"Harbor / Port","l":"Marathi","lf":"Indo-Aryan","cf":"red","sc":"infrastructure","sg":"built_social","cn":"attested","brand":0,"sh":5,"gsrc":"point","lat":18.951986,"lon":72.839624},"geometry":{"type":"Point","coordinates":[72.839624,18.951986]}},{"type":"Feature","properties":{"n":"Mathuradas Colony","s":"colony","lem":"colony","m":"Settlement","l":"English","lf":"English","cf":"blue","sc":"planned_administrative","sg":"planned_admin","cn":"attested","brand":0,"sh":1,"gsrc":"point","lat":19.076772,"lon":72.859295},"geometry":{"type":"Point","coordinates":[72.859295,19.076772]}},{"type":"Feature","properties":{"n":"Matunga East","s":"east","lem":"east","m":"Direction","l":"English","lf":"English","cf":"blue","sc":"planned_administrative","sg":"planned_admin","cn":"attested","brand":0,"sh":5,"gsrc":"point","lat":19.026158,"lon":72.852085},"geometry":{"type":"Point","coordinates":[72.852085,19.026158]}},{"type":"Feature","properties":{"n":"Matunga West","s":"west","lem":"west","m":"Direction","l":"English","lf":"English","cf":"blue","sc":"planned_administrative","sg":"planned_admin","cn":"attested","brand":0,"sh":5,"gsrc":"point","lat":19.031726,"lon":72.843392},"geometry":{"type":"Point","coordinates":[72.843392,19.031726]}},{"type":"Feature","properties":{"n":"Mazgaon","s":"\u2014","lem":"Simplex","m":"Single morpheme, no suffix","l":"Pre-suffixal","lf":"Other","cf":"grey","sc":"simplex","sg":"simplex","cn":"attested","brand":0,"sh":0,"gsrc":"point","lat":18.969734,"lon":72.84062},"geometry":{"type":"Point","coordinates":[72.84062,18.969734]}},{"type":"Feature","properties":{"n":"MESB Colony","s":"colony","lem":"colony","m":"Settlement","l":"English","lf":"English","cf":"blue","sc":"planned_administrative","sg":"planned_admin","cn":"attested","brand":0,"sh":1,"gsrc":"point","lat":19.213938,"lon":72.879582},"geometry":{"type":"Point","coordinates":[72.879582,19.213938]}},{"type":"Feature","properties":{"n":"MHADA Colony","s":"colony","lem":"colony","m":"Settlement","l":"English","lf":"English","cf":"blue","sc":"planned_administrative","sg":"planned_admin","cn":"attested","brand":0,"sh":1,"gsrc":"point","lat":19.167224,"lon":72.967641},"geometry":{"type":"Point","coordinates":[72.967641,19.167224]}},{"type":"Feature","properties":{"n":"MIDC","s":"Other","lem":"Other","m":"Unresolved","l":"Unknown","lf":"Other","cf":"grey","sc":"other","sg":"unresolved","cn":"unresolved","brand":0,"sh":5,"gsrc":"point","lat":19.120512,"lon":72.864637},"geometry":{"type":"Point","coordinates":[72.864637,19.120512]}},{"type":"Feature","properties":{"n":"Milan Colony","s":"colony","lem":"colony","m":"Settlement","l":"English","lf":"English","cf":"blue","sc":"planned_administrative","sg":"planned_admin","cn":"attested","brand":0,"sh":1,"gsrc":"point","lat":19.067006,"lon":72.92443},"geometry":{"type":"Point","coordinates":[72.92443,19.067006]}},{"type":"Feature","properties":{"n":"Milat Nagar","s":"nagar","lem":"nagar","m":"City","l":"Sanskrit","lf":"Indo-Aryan","cf":"red","sc":"settlement","sg":"settlement","cn":"attested","brand":0,"sh":0,"gsrc":"point","lat":19.150771,"lon":72.826773},"geometry":{"type":"Point","coordinates":[72.826773,19.150771]}},{"type":"Feature","properties":{"n":"Milind Nagar","s":"nagar","lem":"nagar","m":"City","l":"Sanskrit","lf":"Indo-Aryan","cf":"red","sc":"settlement","sg":"settlement","cn":"attested","brand":0,"sh":0,"gsrc":"point","lat":19.084879,"lon":72.854206},"geometry":{"type":"Point","coordinates":[72.854206,19.084879]}},{"type":"Feature","properties":{"n":"Milind Nagar","s":"nagar","lem":"nagar","m":"City","l":"Sanskrit","lf":"Indo-Aryan","cf":"red","sc":"settlement","sg":"settlement","cn":"attested","brand":0,"sh":0,"gsrc":"point","lat":19.157614,"lon":72.931972},"geometry":{"type":"Point","coordinates":[72.931972,19.157614]}},{"type":"Feature","properties":{"n":"Mirani Nagar","s":"nagar","lem":"nagar","m":"City","l":"Sanskrit","lf":"Indo-Aryan","cf":"red","sc":"settlement","sg":"settlement","cn":"attested","brand":0,"sh":0,"gsrc":"point","lat":19.171474,"lon":72.950112},"geometry":{"type":"Point","coordinates":[72.950112,19.171474]}},{"type":"Feature","properties":{"n":"MMRDA Colony","s":"colony","lem":"colony","m":"Settlement","l":"English","lf":"English","cf":"blue","sc":"planned_administrative","sg":"planned_admin","cn":"attested","brand":0,"sh":1,"gsrc":"point","lat":19.017407,"lon":72.888139},"geometry":{"type":"Point","coordinates":[72.888139,19.017407]}},{"type":"Feature","properties":{"n":"Model Town","s":"town","lem":"town","m":"Town","l":"English","lf":"English","cf":"blue","sc":"settlement","sg":"settlement","cn":"attested","brand":0,"sh":5,"gsrc":"point","lat":19.133158,"lon":72.869},"geometry":{"type":"Point","coordinates":[72.869,19.133158]}},{"type":"Feature","properties":{"n":"Model Town","s":"town","lem":"town","m":"Town","l":"English","lf":"English","cf":"blue","sc":"settlement","sg":"settlement","cn":"attested","brand":0,"sh":5,"gsrc":"point","lat":19.133258,"lon":72.823251},"geometry":{"type":"Point","coordinates":[72.823251,19.133258]}},{"type":"Feature","properties":{"n":"Model Town","s":"town","lem":"town","m":"Town","l":"English","lf":"English","cf":"blue","sc":"settlement","sg":"settlement","cn":"attested","brand":0,"sh":5,"gsrc":"point","lat":19.184102,"lon":72.943766},"geometry":{"type":"Point","coordinates":[72.943766,19.184102]}},{"type":"Feature","properties":{"n":"Mohli Village","s":"village","lem":"village","m":"Village","l":"English","lf":"English","cf":"blue","sc":"settlement","sg":"settlement","cn":"attested","brand":0,"sh":4,"gsrc":"point","lat":19.103233,"lon":72.89163},"geometry":{"type":"Point","coordinates":[72.89163,19.103233]}},{"type":"Feature","properties":{"n":"Mora Gaon","s":"gaon","lem":"gaon","m":"Village","l":"Marathi","lf":"Indo-Aryan","cf":"red","sc":"settlement","sg":"settlement","cn":"attested","brand":0,"sh":5,"gsrc":"point","lat":19.117684,"lon":72.821197},"geometry":{"type":"Point","coordinates":[72.821197,19.117684]}},{"type":"Feature","properties":{"n":"Motempada","s":"pada","lem":"pada","m":"Hamlet / Village","l":"Marathi","lf":"Indo-Aryan","cf":"red","sc":"settlement","sg":"settlement","cn":"attested","brand":0,"sh":3,"gsrc":"point","lat":19.220239,"lon":72.78715},"geometry":{"type":"Point","coordinates":[72.78715,19.220239]}},{"type":"Feature","properties":{"n":"Motilal Nagar I","s":"nagar","lem":"nagar","m":"City","l":"Sanskrit","lf":"Indo-Aryan","cf":"red","sc":"settlement","sg":"settlement","cn":"attested","brand":0,"sh":0,"gsrc":"point","lat":19.148587,"lon":72.837855},"geometry":{"type":"Point","coordinates":[72.837855,19.148587]}},{"type":"Feature","properties":{"n":"Motilal Nagar II","s":"nagar","lem":"nagar","m":"City","l":"Sanskrit","lf":"Indo-Aryan","cf":"red","sc":"settlement","sg":"settlement","cn":"attested","brand":0,"sh":0,"gsrc":"point","lat":19.165493,"lon":72.83578},"geometry":{"type":"Point","coordinates":[72.83578,19.165493]}},{"type":"Feature","properties":{"n":"Motilal Nagar III","s":"nagar","lem":"nagar","m":"City","l":"Sanskrit","lf":"Indo-Aryan","cf":"red","sc":"settlement","sg":"settlement","cn":"attested","brand":0,"sh":0,"gsrc":"point","lat":19.16425,"lon":72.839532},"geometry":{"type":"Point","coordinates":[72.839532,19.16425]}},{"type":"Feature","properties":{"n":"Mount Mary","s":"Other","lem":"Other","m":"Unresolved","l":"Unknown","lf":"Other","cf":"grey","sc":"other","sg":"unresolved","cn":"unresolved","brand":0,"sh":5,"gsrc":"point","lat":19.048813,"lon":72.822752},"geometry":{"type":"Point","coordinates":[72.822752,19.048813]}},{"type":"Feature","properties":{"n":"MSEB Colony","s":"colony","lem":"colony","m":"Settlement","l":"English","lf":"English","cf":"blue","sc":"planned_administrative","sg":"planned_admin","cn":"attested","brand":0,"sh":1,"gsrc":"point","lat":19.089584,"lon":72.840978},"geometry":{"type":"Point","coordinates":[72.840978,19.089584]}},{"type":"Feature","properties":{"n":"Mulund Colony","s":"colony","lem":"colony","m":"Settlement","l":"English","lf":"English","cf":"blue","sc":"planned_administrative","sg":"planned_admin","cn":"attested","brand":0,"sh":1,"gsrc":"point","lat":19.177778,"lon":72.938351},"geometry":{"type":"Point","coordinates":[72.938351,19.177778]}},{"type":"Feature","properties":{"n":"Mulund East","s":"east","lem":"east","m":"Direction","l":"English","lf":"English","cf":"blue","sc":"planned_administrative","sg":"planned_admin","cn":"attested","brand":0,"sh":5,"gsrc":"point","lat":19.170472,"lon":72.961045},"geometry":{"type":"Point","coordinates":[72.961045,19.170472]}},{"type":"Feature","properties":{"n":"Mulund West","s":"west","lem":"west","m":"Direction","l":"English","lf":"English","cf":"blue","sc":"planned_administrative","sg":"planned_admin","cn":"attested","brand":0,"sh":5,"gsrc":"point","lat":19.171972,"lon":72.951196},"geometry":{"type":"Point","coordinates":[72.951196,19.171972]}},{"type":"Feature","properties":{"n":"Munshi Nagar","s":"nagar","lem":"nagar","m":"City","l":"Sanskrit","lf":"Indo-Aryan","cf":"red","sc":"settlement","sg":"settlement","cn":"attested","brand":0,"sh":0,"gsrc":"point","lat":19.123752,"lon":72.837683},"geometry":{"type":"Point","coordinates":[72.837683,19.123752]}},{"type":"Feature","properties":{"n":"Mustafa Bazaar","s":"bazaar","lem":"bazaar","m":"Market","l":"Hindi","lf":"Indo-Aryan","cf":"red","sc":"commerce","sg":"built_social","cn":"attested","brand":0,"sh":5,"gsrc":"point","lat":18.975929,"lon":72.83938},"geometry":{"type":"Point","coordinates":[72.83938,18.975929]}},{"type":"Feature","properties":{"n":"N. L. Complex","s":"complex","lem":"complex","m":"Group of connected buildings","l":"English","lf":"English","cf":"blue","sc":"planned_administrative","sg":"planned_admin","cn":"attested","brand":0,"sh":5,"gsrc":"point","lat":19.260762,"lon":72.866602},"geometry":{"type":"Point","coordinates":[72.866602,19.260762]}},{"type":"Feature","properties":{"n":"Nadkarni Park","s":"park","lem":"park","m":"Park","l":"English","lf":"English","cf":"blue","sc":"flora_agriculture","sg":"land","cn":"attested","brand":0,"sh":5,"gsrc":"point","lat":19.017357,"lon":72.863432},"geometry":{"type":"Point","coordinates":[72.863432,19.017357]}},{"type":"Feature","properties":{"n":"Nagari Niwara Colony","s":"colony","lem":"colony","m":"Settlement","l":"English","lf":"English","cf":"blue","sc":"planned_administrative","sg":"planned_admin","cn":"attested","brand":0,"sh":1,"gsrc":"point","lat":19.173256,"lon":72.880844},"geometry":{"type":"Point","coordinates":[72.880844,19.173256]}},{"type":"Feature","properties":{"n":"Nagesh Patil Wadi","s":"wadi","lem":"wada","m":"Ground surrounded by large structures","l":"Marathi","lf":"Indo-Aryan","cf":"red","sc":"dwelling","sg":"built_social","cn":"attested","brand":0,"sh":2,"gsrc":"point","lat":19.054114,"lon":72.90897},"geometry":{"type":"Point","coordinates":[72.90897,19.054114]}},{"type":"Feature","properties":{"n":"Nagpada","s":"pada","lem":"pada","m":"Hamlet / Village","l":"Marathi","lf":"Indo-Aryan","cf":"red","sc":"settlement","sg":"settlement","cn":"attested","brand":0,"sh":3,"gsrc":"point","lat":18.968178,"lon":72.828601},"geometry":{"type":"Point","coordinates":[72.828601,18.968178]}},{"type":"Feature","properties":{"n":"Nahur","s":"\u2014","lem":"Simplex","m":"Single morpheme, no suffix","l":"Pre-suffixal","lf":"Other","cf":"grey","sc":"simplex","sg":"simplex","cn":"attested","brand":0,"sh":0,"gsrc":"point","lat":19.159129,"lon":72.94644},"geometry":{"type":"Point","coordinates":[72.94644,19.159129]}},{"type":"Feature","properties":{"n":"Nahur Gaon","s":"gaon","lem":"gaon","m":"Village","l":"Marathi","lf":"Indo-Aryan","cf":"red","sc":"settlement","sg":"settlement","cn":"attested","brand":0,"sh":5,"gsrc":"point","lat":19.161899,"lon":72.9479},"geometry":{"type":"Point","coordinates":[72.9479,19.161899]}},{"type":"Feature","properties":{"n":"Naidu Colony","s":"colony","lem":"colony","m":"Settlement","l":"English","lf":"English","cf":"blue","sc":"planned_administrative","sg":"planned_admin","cn":"attested","brand":0,"sh":1,"gsrc":"point","lat":19.0815,"lon":72.9159},"geometry":{"type":"Point","coordinates":[72.9159,19.0815]}},{"type":"Feature","properties":{"n":"Naigaon","s":"gaon","lem":"gaon","m":"Village","l":"Marathi","lf":"Indo-Aryan","cf":"red","sc":"settlement","sg":"settlement","cn":"attested","brand":0,"sh":5,"gsrc":"point","lat":19.010716,"lon":72.845815},"geometry":{"type":"Point","coordinates":[72.845815,19.010716]}},{"type":"Feature","properties":{"n":"Naik Nagar","s":"nagar","lem":"nagar","m":"City","l":"Sanskrit","lf":"Indo-Aryan","cf":"red","sc":"settlement","sg":"settlement","cn":"attested","brand":0,"sh":0,"gsrc":"point","lat":19.057004,"lon":72.880498},"geometry":{"type":"Point","coordinates":[72.880498,19.057004]}},{"type":"Feature","properties":{"n":"Najma Nagar","s":"nagar","lem":"nagar","m":"City","l":"Sanskrit","lf":"Indo-Aryan","cf":"red","sc":"settlement","sg":"settlement","cn":"attested","brand":0,"sh":0,"gsrc":"point","lat":19.166703,"lon":72.930353},"geometry":{"type":"Point","coordinates":[72.930353,19.166703]}},{"type":"Feature","properties":{"n":"Nalanda Nagar","s":"nagar","lem":"nagar","m":"City","l":"Sanskrit","lf":"Indo-Aryan","cf":"red","sc":"settlement","sg":"settlement","cn":"attested","brand":0,"sh":0,"gsrc":"point","lat":19.074891,"lon":72.913995},"geometry":{"type":"Point","coordinates":[72.913995,19.074891]}},{"type":"Feature","properties":{"n":"Nane Pada","s":"pada","lem":"pada","m":"Hamlet / Village","l":"Marathi","lf":"Indo-Aryan","cf":"red","sc":"settlement","sg":"settlement","cn":"attested","brand":0,"sh":3,"gsrc":"point","lat":19.164513,"lon":72.952352},"geometry":{"type":"Point","coordinates":[72.952352,19.164513]}},{"type":"Feature","properties":{"n":"Narayan Nagar","s":"nagar","lem":"nagar","m":"City","l":"Sanskrit","lf":"Indo-Aryan","cf":"red","sc":"settlement","sg":"settlement","cn":"attested","brand":0,"sh":0,"gsrc":"point","lat":19.094214,"lon":72.895717},"geometry":{"type":"Point","coordinates":[72.895717,19.094214]}},{"type":"Feature","properties":{"n":"Narayan Nagar","s":"nagar","lem":"nagar","m":"City","l":"Sanskrit","lf":"Indo-Aryan","cf":"red","sc":"settlement","sg":"settlement","cn":"attested","brand":0,"sh":0,"gsrc":"point","lat":19.176505,"lon":72.954556},"geometry":{"type":"Point","coordinates":[72.954556,19.176505]}},{"type":"Feature","properties":{"n":"Narayanpada","s":"pada","lem":"pada","m":"Hamlet / Village","l":"Marathi","lf":"Indo-Aryan","cf":"red","sc":"settlement","sg":"settlement","cn":"attested","brand":0,"sh":3,"gsrc":"point","lat":18.943754,"lon":72.832773},"geometry":{"type":"Point","coordinates":[72.832773,18.943754]}},{"type":"Feature","properties":{"n":"Nariman Point","s":"point","lem":"point","m":"Location","l":"English","lf":"English","cf":"blue","sc":"planned_administrative","sg":"planned_admin","cn":"attested","brand":0,"sh":5,"gsrc":"point","lat":18.927089,"lon":72.823586},"geometry":{"type":"Point","coordinates":[72.823586,18.927089]}},{"type":"Feature","properties":{"n":"Nath Pai Nagar","s":"nagar","lem":"nagar","m":"City","l":"Sanskrit","lf":"Indo-Aryan","cf":"red","sc":"settlement","sg":"settlement","cn":"attested","brand":0,"sh":0,"gsrc":"point","lat":19.07294,"lon":72.906663},"geometry":{"type":"Point","coordinates":[72.906663,19.07294]}},{"type":"Feature","properties":{"n":"Navapada","s":"pada","lem":"pada","m":"Hamlet / Village","l":"Marathi","lf":"Indo-Aryan","cf":"red","sc":"settlement","sg":"settlement","cn":"attested","brand":0,"sh":3,"gsrc":"point","lat":19.227044,"lon":72.876803},"geometry":{"type":"Point","coordinates":[72.876803,19.227044]}},{"type":"Feature","properties":{"n":"Navjeevan Nagar","s":"nagar","lem":"nagar","m":"City","l":"Sanskrit","lf":"Indo-Aryan","cf":"red","sc":"settlement","sg":"settlement","cn":"attested","brand":0,"sh":0,"gsrc":"point","lat":19.153053,"lon":72.880468},"geometry":{"type":"Point","coordinates":[72.880468,19.153053]}},{"type":"Feature","properties":{"n":"Navjeevan Wadi","s":"wadi","lem":"wada","m":"Ground surrounded by large structures","l":"Marathi","lf":"Indo-Aryan","cf":"red","sc":"dwelling","sg":"built_social","cn":"attested","brand":0,"sh":2,"gsrc":"point","lat":18.942994,"lon":72.826292},"geometry":{"type":"Point","coordinates":[72.826292,18.942994]}},{"type":"Feature","properties":{"n":"Navjivan Society","s":"society","lem":"society","m":"Society","l":"English","lf":"English","cf":"blue","sc":"planned_administrative","sg":"planned_admin","cn":"attested","brand":0,"sh":5,"gsrc":"point","lat":19.042707,"lon":72.84437},"geometry":{"type":"Point","coordinates":[72.84437,19.042707]}},{"type":"Feature","properties":{"n":"Navpada","s":"pada","lem":"pada","m":"Hamlet / Village","l":"Marathi","lf":"Indo-Aryan","cf":"red","sc":"settlement","sg":"settlement","cn":"attested","brand":0,"sh":3,"gsrc":"point","lat":19.106826,"lon":72.875631},"geometry":{"type":"Point","coordinates":[72.875631,19.106826]}},{"type":"Feature","properties":{"n":"Naware Baug Jagruti Nagar","s":"nagar","lem":"nagar","m":"City","l":"Sanskrit","lf":"Indo-Aryan","cf":"red","sc":"settlement","sg":"settlement","cn":"attested","brand":0,"sh":0,"gsrc":"point","lat":19.0656,"lon":72.8819},"geometry":{"type":"Point","coordinates":[72.8819,19.0656]}},{"type":"Feature","properties":{"n":"Neelam Nagar","s":"nagar","lem":"nagar","m":"City","l":"Sanskrit","lf":"Indo-Aryan","cf":"red","sc":"settlement","sg":"settlement","cn":"attested","brand":0,"sh":0,"gsrc":"point","lat":19.174589,"lon":72.96513},"geometry":{"type":"Point","coordinates":[72.96513,19.174589]}},{"type":"Feature","properties":{"n":"Neelkanth Colony","s":"colony","lem":"colony","m":"Settlement","l":"English","lf":"English","cf":"blue","sc":"planned_administrative","sg":"planned_admin","cn":"attested","brand":0,"sh":1,"gsrc":"point","lat":19.074743,"lon":72.903903},"geometry":{"type":"Point","coordinates":[72.903903,19.074743]}},{"type":"Feature","properties":{"n":"Nehru Nagar","s":"nagar","lem":"nagar","m":"City","l":"Sanskrit","lf":"Indo-Aryan","cf":"red","sc":"settlement","sg":"settlement","cn":"attested","brand":0,"sh":0,"gsrc":"point","lat":19.001048,"lon":72.819427},"geometry":{"type":"Point","coordinates":[72.819427,19.001048]}},{"type":"Feature","properties":{"n":"Nehru Nagar","s":"nagar","lem":"nagar","m":"City","l":"Sanskrit","lf":"Indo-Aryan","cf":"red","sc":"settlement","sg":"settlement","cn":"attested","brand":0,"sh":0,"gsrc":"point","lat":19.061,"lon":72.881},"geometry":{"type":"Point","coordinates":[72.881,19.061]}},{"type":"Feature","properties":{"n":"Netaji Nagar","s":"nagar","lem":"nagar","m":"City","l":"Sanskrit","lf":"Indo-Aryan","cf":"red","sc":"settlement","sg":"settlement","cn":"attested","brand":0,"sh":0,"gsrc":"point","lat":19.074,"lon":72.8815},"geometry":{"type":"Point","coordinates":[72.8815,19.074]}},{"type":"Feature","properties":{"n":"New BPT Colony","s":"colony","lem":"colony","m":"Settlement","l":"English","lf":"English","cf":"blue","sc":"planned_administrative","sg":"planned_admin","cn":"attested","brand":0,"sh":1,"gsrc":"point","lat":19.015661,"lon":72.861796},"geometry":{"type":"Point","coordinates":[72.861796,19.015661]}},{"type":"Feature","properties":{"n":"New Gautam Nagar","s":"nagar","lem":"nagar","m":"City","l":"Sanskrit","lf":"Indo-Aryan","cf":"red","sc":"settlement","sg":"settlement","cn":"attested","brand":0,"sh":0,"gsrc":"point","lat":19.060262,"lon":72.915444},"geometry":{"type":"Point","coordinates":[72.915444,19.060262]}},{"type":"Feature","properties":{"n":"New Limboni Baug","s":"baug","lem":"bagh","m":"Garden","l":"Persian","lf":"Perso-Arabic","cf":"purple","sc":"flora_agriculture","sg":"land","cn":"attested","brand":0,"sh":0,"gsrc":"point","lat":19.059205,"lon":72.910901},"geometry":{"type":"Point","coordinates":[72.910901,19.059205]}},{"type":"Feature","properties":{"n":"New Mhada","s":"Other","lem":"Other","m":"Unresolved","l":"Unknown","lf":"Other","cf":"grey","sc":"other","sg":"unresolved","cn":"unresolved","brand":0,"sh":5,"gsrc":"point","lat":19.137958,"lon":72.824187},"geometry":{"type":"Point","coordinates":[72.824187,19.137958]}},{"type":"Feature","properties":{"n":"New Navy Nagar","s":"nagar","lem":"nagar","m":"City","l":"Sanskrit","lf":"Indo-Aryan","cf":"red","sc":"settlement","sg":"settlement","cn":"attested","brand":0,"sh":0,"gsrc":"point","lat":18.909766,"lon":72.809831},"geometry":{"type":"Point","coordinates":[72.809831,18.909766]}},{"type":"Feature","properties":{"n":"Nirankari Nagar","s":"nagar","lem":"nagar","m":"City","l":"Sanskrit","lf":"Indo-Aryan","cf":"red","sc":"settlement","sg":"settlement","cn":"attested","brand":0,"sh":0,"gsrc":"point","lat":19.067487,"lon":72.926157},"geometry":{"type":"Point","coordinates":[72.926157,19.067487]}},{"type":"Feature","properties":{"n":"Nirmal Lifestyle","s":"Other","lem":"Other","m":"Unresolved","l":"Unknown","lf":"Other","cf":"grey","sc":"other","sg":"unresolved","cn":"unresolved","brand":0,"sh":5,"gsrc":"point","lat":19.165798,"lon":72.935942},"geometry":{"type":"Point","coordinates":[72.935942,19.165798]}},{"type":"Feature","properties":{"n":"Nityanand Nagar","s":"nagar","lem":"nagar","m":"City","l":"Sanskrit","lf":"Indo-Aryan","cf":"red","sc":"settlement","sg":"settlement","cn":"attested","brand":0,"sh":0,"gsrc":"point","lat":19.093855,"lon":72.914679},"geometry":{"type":"Point","coordinates":[72.914679,19.093855]}},{"type":"Feature","properties":{"n":"Nutan Nagar","s":"nagar","lem":"nagar","m":"City","l":"Sanskrit","lf":"Indo-Aryan","cf":"red","sc":"settlement","sg":"settlement","cn":"attested","brand":0,"sh":0,"gsrc":"point","lat":19.130193,"lon":72.935945},"geometry":{"type":"Point","coordinates":[72.935945,19.130193]}},{"type":"Feature","properties":{"n":"Om Wadi","s":"wadi","lem":"wada","m":"Ground surrounded by large structures","l":"Marathi","lf":"Indo-Aryan","cf":"red","sc":"dwelling","sg":"built_social","cn":"attested","brand":0,"sh":2,"gsrc":"point","lat":19.216843,"lon":72.782412},"geometry":{"type":"Point","coordinates":[72.782412,19.216843]}},{"type":"Feature","properties":{"n":"Orlem","s":"\u2014","lem":"Simplex","m":"Single morpheme, no suffix","l":"Pre-suffixal","lf":"Other","cf":"grey","sc":"simplex","sg":"simplex","cn":"attested","brand":0,"sh":0,"gsrc":"point","lat":19.194482,"lon":72.838966},"geometry":{"type":"Point","coordinates":[72.838966,19.194482]}},{"type":"Feature","properties":{"n":"Oshiwara","s":"wara","lem":"wada","m":"Region / Enclosure / Ward","l":"Marathi","lf":"Indo-Aryan","cf":"red","sc":"dwelling","sg":"built_social","cn":"speculative","brand":0,"sh":2,"gsrc":"point","lat":19.150244,"lon":72.834229},"geometry":{"type":"Point","coordinates":[72.834229,19.150244]}},{"type":"Feature","properties":{"n":"Ovaripada","s":"pada","lem":"pada","m":"Hamlet / Village","l":"Marathi","lf":"Indo-Aryan","cf":"red","sc":"settlement","sg":"settlement","cn":"attested","brand":0,"sh":3,"gsrc":"point","lat":19.241496,"lon":72.863009},"geometry":{"type":"Point","coordinates":[72.863009,19.241496]}},{"type":"Feature","properties":{"n":"P&T Colony","s":"colony","lem":"colony","m":"Settlement","l":"English","lf":"English","cf":"blue","sc":"planned_administrative","sg":"planned_admin","cn":"attested","brand":0,"sh":1,"gsrc":"point","lat":19.101491,"lon":72.861851},"geometry":{"type":"Point","coordinates":[72.861851,19.101491]}},{"type":"Feature","properties":{"n":"P&T Colony","s":"colony","lem":"colony","m":"Settlement","l":"English","lf":"English","cf":"blue","sc":"planned_administrative","sg":"planned_admin","cn":"attested","brand":0,"sh":1,"gsrc":"point","lat":19.171782,"lon":72.944423},"geometry":{"type":"Point","coordinates":[72.944423,19.171782]}},{"type":"Feature","properties":{"n":"Padma Nagar","s":"nagar","lem":"nagar","m":"City","l":"Sanskrit","lf":"Indo-Aryan","cf":"red","sc":"settlement","sg":"settlement","cn":"attested","brand":0,"sh":0,"gsrc":"point","lat":19.062878,"lon":72.931071},"geometry":{"type":"Point","coordinates":[72.931071,19.062878]}},{"type":"Feature","properties":{"n":"Pali Hill","s":"hill","lem":"hill","m":"Hill","l":"English","lf":"English","cf":"blue","sc":"topography","sg":"land","cn":"attested","brand":0,"sh":5,"gsrc":"point","lat":19.064913,"lon":72.827033},"geometry":{"type":"Point","coordinates":[72.827033,19.064913]}},{"type":"Feature","properties":{"n":"Pali Village","s":"village","lem":"village","m":"Village","l":"English","lf":"English","cf":"blue","sc":"settlement","sg":"settlement","cn":"attested","brand":0,"sh":4,"gsrc":"point","lat":19.063506,"lon":72.830454},"geometry":{"type":"Point","coordinates":[72.830454,19.063506]}},{"type":"Feature","properties":{"n":"Panchsheel Nagar","s":"nagar","lem":"nagar","m":"City","l":"Sanskrit","lf":"Indo-Aryan","cf":"red","sc":"settlement","sg":"settlement","cn":"attested","brand":0,"sh":0,"gsrc":"point","lat":19.017342,"lon":72.867475},"geometry":{"type":"Point","coordinates":[72.867475,19.017342]}},{"type":"Feature","properties":{"n":"Pant Nagar","s":"nagar","lem":"nagar","m":"City","l":"Sanskrit","lf":"Indo-Aryan","cf":"red","sc":"settlement","sg":"settlement","cn":"attested","brand":0,"sh":0,"gsrc":"point","lat":19.08333,"lon":72.911504},"geometry":{"type":"Point","coordinates":[72.911504,19.08333]}},{"type":"Feature","properties":{"n":"Parel","s":"\u2014","lem":"Simplex","m":"Single morpheme, no suffix","l":"Pre-suffixal","lf":"Other","cf":"grey","sc":"simplex","sg":"simplex","cn":"attested","brand":0,"sh":0,"gsrc":"point","lat":19.008427,"lon":72.842505},"geometry":{"type":"Point","coordinates":[72.842505,19.008427]}},{"type":"Feature","properties":{"n":"Parel Village","s":"village","lem":"village","m":"Village","l":"English","lf":"English","cf":"blue","sc":"settlement","sg":"settlement","cn":"attested","brand":0,"sh":4,"gsrc":"point","lat":18.999931,"lon":72.844718},"geometry":{"type":"Point","coordinates":[72.844718,18.999931]}},{"type":"Feature","properties":{"n":"Park Site Colony","s":"colony","lem":"colony","m":"Settlement","l":"English","lf":"English","cf":"blue","sc":"planned_administrative","sg":"planned_admin","cn":"attested","brand":0,"sh":1,"gsrc":"point","lat":19.101632,"lon":72.914438},"geometry":{"type":"Point","coordinates":[72.914438,19.101632]}},{"type":"Feature","properties":{"n":"Parmanand Wadi","s":"wadi","lem":"wada","m":"Ground surrounded by large structures","l":"Marathi","lf":"Indo-Aryan","cf":"red","sc":"dwelling","sg":"built_social","cn":"attested","brand":0,"sh":2,"gsrc":"point","lat":19.000574,"lon":72.846938},"geometry":{"type":"Point","coordinates":[72.846938,19.000574]}},{"type":"Feature","properties":{"n":"Pascal Wadi","s":"wadi","lem":"wada","m":"Ground surrounded by large structures","l":"Marathi","lf":"Indo-Aryan","cf":"red","sc":"dwelling","sg":"built_social","cn":"attested","brand":0,"sh":2,"gsrc":"point","lat":19.143928,"lon":72.798035},"geometry":{"type":"Point","coordinates":[72.798035,19.143928]}},{"type":"Feature","properties":{"n":"Paspoli Village","s":"village","lem":"village","m":"Village","l":"English","lf":"English","cf":"blue","sc":"settlement","sg":"settlement","cn":"attested","brand":0,"sh":4,"gsrc":"point","lat":19.133623,"lon":72.897593},"geometry":{"type":"Point","coordinates":[72.897593,19.133623]}},{"type":"Feature","properties":{"n":"Patilwadi","s":"wadi","lem":"wada","m":"Ground surrounded by large structures","l":"Marathi","lf":"Indo-Aryan","cf":"red","sc":"dwelling","sg":"built_social","cn":"attested","brand":0,"sh":2,"gsrc":"point","lat":19.053567,"lon":72.921487},"geometry":{"type":"Point","coordinates":[72.921487,19.053567]}},{"type":"Feature","properties":{"n":"Payal Pada","s":"pada","lem":"pada","m":"Hamlet / Village","l":"Marathi","lf":"Indo-Aryan","cf":"red","sc":"settlement","sg":"settlement","cn":"attested","brand":0,"sh":3,"gsrc":"point","lat":19.035,"lon":72.9449},"geometry":{"type":"Point","coordinates":[72.9449,19.035]}},{"type":"Feature","properties":{"n":"Peru Baug","s":"baug","lem":"bagh","m":"Garden","l":"Persian","lf":"Perso-Arabic","cf":"purple","sc":"flora_agriculture","sg":"land","cn":"attested","brand":0,"sh":0,"gsrc":"point","lat":19.13912,"lon":72.904806},"geometry":{"type":"Point","coordinates":[72.904806,19.13912]}},{"type":"Feature","properties":{"n":"Pestom Sagar Colony","s":"colony","lem":"colony","m":"Settlement","l":"English","lf":"English","cf":"blue","sc":"planned_administrative","sg":"planned_admin","cn":"attested","brand":0,"sh":1,"gsrc":"point","lat":19.069254,"lon":72.901923},"geometry":{"type":"Point","coordinates":[72.901923,19.069254]}},{"type":"Feature","properties":{"n":"Phule Nagar","s":"nagar","lem":"nagar","m":"City","l":"Sanskrit","lf":"Indo-Aryan","cf":"red","sc":"settlement","sg":"settlement","cn":"attested","brand":0,"sh":0,"gsrc":"point","lat":19.062873,"lon":72.901943},"geometry":{"type":"Point","coordinates":[72.901943,19.062873]}},{"type":"Feature","properties":{"n":"Pirojsha Godrej Nagar","s":"nagar","lem":"nagar","m":"City","l":"Sanskrit","lf":"Indo-Aryan","cf":"red","sc":"settlement","sg":"settlement","cn":"attested","brand":1,"sh":0,"gsrc":"point","lat":19.101673,"lon":72.92365},"geometry":{"type":"Point","coordinates":[72.92365,19.101673]}},{"type":"Feature","properties":{"n":"PMGP Colony","s":"colony","lem":"colony","m":"Settlement","l":"English","lf":"English","cf":"blue","sc":"planned_administrative","sg":"planned_admin","cn":"attested","brand":0,"sh":1,"gsrc":"osm_place","lat":19.05056,"lon":72.861157},"geometry":{"type":"Polygon","coordinates":[[[72.86163,19.05161],[72.86198,19.05155],[72.86236,19.05149],[72.86276,19.05143],[72.86272,19.05119],[72.86262,19.05056],[72.86284,19.05054],[72.86276,19.05005],[72.8626,19.04994],[72.86247,19.04986],[72.86215,19.04963],[72.86202,19.04963],[72.86195,19.0496],[72.86184,19.04951],[72.86171,19.04942],[72.86165,19.04938],[72.86167,19.0493],[72.86149,19.04925],[72.86146,19.04935],[72.86132,19.04936],[72.86077,19.04941],[72.86005,19.04941],[72.86006,19.05033],[72.85999,19.05062],[72.85979,19.05103],[72.85973,19.0512],[72.85995,19.05124],[72.86,19.05113],[72.86036,19.05126],[72.8603,19.05142],[72.86025,19.05154],[72.86013,19.05187],[72.86036,19.05189],[72.86061,19.05186],[72.86081,19.05183],[72.86105,19.05177],[72.86147,19.05167],[72.86149,19.05166],[72.86163,19.05161]]]}},{"type":"Feature","properties":{"n":"Poisar","s":"sar","lem":"sar","m":"Lake / Pond","l":"Rajasthani","lf":"Indo-Aryan","cf":"red","sc":"hydrology","sg":"water","cn":"attested","brand":0,"sh":5,"gsrc":"point","lat":19.211925,"lon":72.846886},"geometry":{"type":"Point","coordinates":[72.846886,19.211925]}},{"type":"Feature","properties":{"n":"Police Colony","s":"colony","lem":"colony","m":"Settlement","l":"English","lf":"English","cf":"blue","sc":"planned_administrative","sg":"planned_admin","cn":"attested","brand":0,"sh":1,"gsrc":"point","lat":19.047038,"lon":72.842896},"geometry":{"type":"Point","coordinates":[72.842896,19.047038]}},{"type":"Feature","properties":{"n":"Poonam Nagar","s":"nagar","lem":"nagar","m":"City","l":"Sanskrit","lf":"Indo-Aryan","cf":"red","sc":"settlement","sg":"settlement","cn":"attested","brand":0,"sh":0,"gsrc":"point","lat":19.136918,"lon":72.869128},"geometry":{"type":"Point","coordinates":[72.869128,19.136918]}},{"type":"Feature","properties":{"n":"Postal Colony","s":"colony","lem":"colony","m":"Settlement","l":"English","lf":"English","cf":"blue","sc":"planned_administrative","sg":"planned_admin","cn":"attested","brand":0,"sh":1,"gsrc":"point","lat":19.060742,"lon":72.894969},"geometry":{"type":"Point","coordinates":[72.894969,19.060742]}},{"type":"Feature","properties":{"n":"Powai","s":"\u2014","lem":"Simplex","m":"Single morpheme, no suffix","l":"Pre-suffixal","lf":"Other","cf":"grey","sc":"simplex","sg":"simplex","cn":"attested","brand":0,"sh":0,"gsrc":"point","lat":19.11872,"lon":72.907348},"geometry":{"type":"Point","coordinates":[72.907348,19.11872]}},{"type":"Feature","properties":{"n":"Prabhadevi","s":"devi","lem":"devi","m":"Goddess","l":"Sanskrit","lf":"Indo-Aryan","cf":"red","sc":"religious","sg":"built_social","cn":"attested","brand":0,"sh":5,"gsrc":"point","lat":19.014881,"lon":72.827956},"geometry":{"type":"Point","coordinates":[72.827956,19.014881]}},{"type":"Feature","properties":{"n":"Prabhat Colony","s":"colony","lem":"colony","m":"Settlement","l":"English","lf":"English","cf":"blue","sc":"planned_administrative","sg":"planned_admin","cn":"attested","brand":0,"sh":1,"gsrc":"point","lat":19.086464,"lon":72.84354},"geometry":{"type":"Point","coordinates":[72.84354,19.086464]}},{"type":"Feature","properties":{"n":"Prakash Nagar","s":"nagar","lem":"nagar","m":"City","l":"Sanskrit","lf":"Indo-Aryan","cf":"red","sc":"settlement","sg":"settlement","cn":"attested","brand":0,"sh":0,"gsrc":"point","lat":19.150548,"lon":72.836697},"geometry":{"type":"Point","coordinates":[72.836697,19.150548]}},{"type":"Feature","properties":{"n":"Pratap Nagar","s":"nagar","lem":"nagar","m":"City","l":"Sanskrit","lf":"Indo-Aryan","cf":"red","sc":"settlement","sg":"settlement","cn":"attested","brand":0,"sh":0,"gsrc":"point","lat":19.13936,"lon":72.920428},"geometry":{"type":"Point","coordinates":[72.920428,19.13936]}},{"type":"Feature","properties":{"n":"Pratap Nagar","s":"nagar","lem":"nagar","m":"City","l":"Sanskrit","lf":"Indo-Aryan","cf":"red","sc":"settlement","sg":"settlement","cn":"attested","brand":0,"sh":0,"gsrc":"point","lat":19.141271,"lon":72.856243},"geometry":{"type":"Point","coordinates":[72.856243,19.141271]}},{"type":"Feature","properties":{"n":"Prayag Nagar","s":"nagar","lem":"nagar","m":"City","l":"Sanskrit","lf":"Indo-Aryan","cf":"red","sc":"settlement","sg":"settlement","cn":"attested","brand":0,"sh":0,"gsrc":"point","lat":19.018329,"lon":72.909166},"geometry":{"type":"Point","coordinates":[72.909166,19.018329]}},{"type":"Feature","properties":{"n":"Prem Nagar","s":"nagar","lem":"nagar","m":"City","l":"Sanskrit","lf":"Indo-Aryan","cf":"red","sc":"settlement","sg":"settlement","cn":"attested","brand":0,"sh":0,"gsrc":"point","lat":19.059187,"lon":72.87089},"geometry":{"type":"Point","coordinates":[72.87089,19.059187]}},{"type":"Feature","properties":{"n":"Premier Colony","s":"colony","lem":"colony","m":"Settlement","l":"English","lf":"English","cf":"blue","sc":"planned_administrative","sg":"planned_admin","cn":"attested","brand":0,"sh":1,"gsrc":"point","lat":19.076457,"lon":72.888056},"geometry":{"type":"Point","coordinates":[72.888056,19.076457]}},{"type":"Feature","properties":{"n":"Priyadarshini Ambica Nagar","s":"nagar","lem":"nagar","m":"City","l":"Sanskrit","lf":"Indo-Aryan","cf":"red","sc":"settlement","sg":"settlement","cn":"attested","brand":1,"sh":0,"gsrc":"point","lat":18.991122,"lon":72.854891},"geometry":{"type":"Point","coordinates":[72.854891,18.991122]}},{"type":"Feature","properties":{"n":"Qismat Nagar","s":"nagar","lem":"nagar","m":"City","l":"Sanskrit","lf":"Indo-Aryan","cf":"red","sc":"settlement","sg":"settlement","cn":"attested","brand":0,"sh":0,"gsrc":"point","lat":19.163867,"lon":72.933042},"geometry":{"type":"Point","coordinates":[72.933042,19.163867]}},{"type":"Feature","properties":{"n":"Qureshi Nagar Hutment Colony","s":"colony","lem":"colony","m":"Settlement","l":"English","lf":"English","cf":"blue","sc":"planned_administrative","sg":"planned_admin","cn":"attested","brand":0,"sh":1,"gsrc":"point","lat":19.050935,"lon":72.838613},"geometry":{"type":"Point","coordinates":[72.838613,19.050935]}},{"type":"Feature","properties":{"n":"Rahul Nagar","s":"nagar","lem":"nagar","m":"City","l":"Sanskrit","lf":"Indo-Aryan","cf":"red","sc":"settlement","sg":"settlement","cn":"attested","brand":0,"sh":0,"gsrc":"point","lat":19.064014,"lon":72.905552},"geometry":{"type":"Point","coordinates":[72.905552,19.064014]}},{"type":"Feature","properties":{"n":"Rahul Nagar","s":"nagar","lem":"nagar","m":"City","l":"Sanskrit","lf":"Indo-Aryan","cf":"red","sc":"settlement","sg":"settlement","cn":"attested","brand":0,"sh":0,"gsrc":"point","lat":19.173523,"lon":72.932572},"geometry":{"type":"Point","coordinates":[72.932572,19.173523]}},{"type":"Feature","properties":{"n":"Rahul Nagar No.2","s":"nagar","lem":"nagar","m":"City","l":"Sanskrit","lf":"Indo-Aryan","cf":"red","sc":"settlement","sg":"settlement","cn":"attested","brand":0,"sh":0,"gsrc":"point","lat":19.051492,"lon":72.878855},"geometry":{"type":"Point","coordinates":[72.878855,19.051492]}},{"type":"Feature","properties":{"n":"Rai Pada","s":"pada","lem":"pada","m":"Hamlet / Village","l":"Marathi","lf":"Indo-Aryan","cf":"red","sc":"settlement","sg":"settlement","cn":"attested","brand":0,"sh":3,"gsrc":"point","lat":19.1809,"lon":72.8435},"geometry":{"type":"Point","coordinates":[72.8435,19.1809]}},{"type":"Feature","properties":{"n":"Railway Colony","s":"colony","lem":"colony","m":"Settlement","l":"English","lf":"English","cf":"blue","sc":"planned_administrative","sg":"planned_admin","cn":"attested","brand":0,"sh":1,"gsrc":"point","lat":19.001223,"lon":72.83718},"geometry":{"type":"Point","coordinates":[72.83718,19.001223]}},{"type":"Feature","properties":{"n":"Rajaram Wadi","s":"wadi","lem":"wada","m":"Ground surrounded by large structures","l":"Marathi","lf":"Indo-Aryan","cf":"red","sc":"dwelling","sg":"built_social","cn":"attested","brand":0,"sh":2,"gsrc":"point","lat":19.165271,"lon":72.93172},"geometry":{"type":"Point","coordinates":[72.93172,19.165271]}},{"type":"Feature","properties":{"n":"Rajendra Nagar","s":"nagar","lem":"nagar","m":"City","l":"Sanskrit","lf":"Indo-Aryan","cf":"red","sc":"settlement","sg":"settlement","cn":"attested","brand":0,"sh":0,"gsrc":"point","lat":19.220794,"lon":72.858457},"geometry":{"type":"Point","coordinates":[72.858457,19.220794]}},{"type":"Feature","properties":{"n":"Rajiv Gandhi Nagar","s":"nagar","lem":"nagar","m":"City","l":"Sanskrit","lf":"Indo-Aryan","cf":"red","sc":"settlement","sg":"settlement","cn":"attested","brand":0,"sh":0,"gsrc":"point","lat":18.999635,"lon":72.859935},"geometry":{"type":"Point","coordinates":[72.859935,18.999635]}},{"type":"Feature","properties":{"n":"Ram Krishna Nagar","s":"nagar","lem":"nagar","m":"City","l":"Sanskrit","lf":"Indo-Aryan","cf":"red","sc":"settlement","sg":"settlement","cn":"attested","brand":0,"sh":0,"gsrc":"point","lat":19.073739,"lon":72.839023},"geometry":{"type":"Point","coordinates":[72.839023,19.073739]}},{"type":"Feature","properties":{"n":"Ram Manohar Lohia Nagar","s":"nagar","lem":"nagar","m":"City","l":"Sanskrit","lf":"Indo-Aryan","cf":"red","sc":"settlement","sg":"settlement","cn":"attested","brand":0,"sh":0,"gsrc":"point","lat":19.06278,"lon":72.872824},"geometry":{"type":"Point","coordinates":[72.872824,19.06278]}},{"type":"Feature","properties":{"n":"Ram Raheem Udyog Nagar","s":"nagar","lem":"nagar","m":"City","l":"Sanskrit","lf":"Indo-Aryan","cf":"red","sc":"settlement","sg":"settlement","cn":"attested","brand":0,"sh":0,"gsrc":"point","lat":19.161825,"lon":72.936457},"geometry":{"type":"Point","coordinates":[72.936457,19.161825]}},{"type":"Feature","properties":{"n":"Ramabai Ambedkar Nagar","s":"nagar","lem":"nagar","m":"City","l":"Sanskrit","lf":"Indo-Aryan","cf":"red","sc":"settlement","sg":"settlement","cn":"attested","brand":0,"sh":0,"gsrc":"point","lat":19.124754,"lon":72.920122},"geometry":{"type":"Point","coordinates":[72.920122,19.124754]}},{"type":"Feature","properties":{"n":"Ramabai Sahakar Nagar","s":"nagar","lem":"nagar","m":"City","l":"Sanskrit","lf":"Indo-Aryan","cf":"red","sc":"settlement","sg":"settlement","cn":"attested","brand":0,"sh":0,"gsrc":"point","lat":19.071278,"lon":72.909933},"geometry":{"type":"Point","coordinates":[72.909933,19.071278]}},{"type":"Feature","properties":{"n":"Ramghad Nagar","s":"nagar","lem":"nagar","m":"City","l":"Sanskrit","lf":"Indo-Aryan","cf":"red","sc":"settlement","sg":"settlement","cn":"attested","brand":0,"sh":0,"gsrc":"point","lat":19.169588,"lon":72.947717},"geometry":{"type":"Point","coordinates":[72.947717,19.169588]}},{"type":"Feature","properties":{"n":"Ramji Ambedkar Nagar","s":"nagar","lem":"nagar","m":"City","l":"Sanskrit","lf":"Indo-Aryan","cf":"red","sc":"settlement","sg":"settlement","cn":"attested","brand":0,"sh":0,"gsrc":"point","lat":19.051391,"lon":72.886921},"geometry":{"type":"Point","coordinates":[72.886921,19.051391]}},{"type":"Feature","properties":{"n":"Rampada","s":"pada","lem":"pada","m":"Hamlet / Village","l":"Marathi","lf":"Indo-Aryan","cf":"red","sc":"settlement","sg":"settlement","cn":"attested","brand":0,"sh":3,"gsrc":"point","lat":19.182319,"lon":72.939614},"geometry":{"type":"Point","coordinates":[72.939614,19.182319]}},{"type":"Feature","properties":{"n":"Ranwar Village Square","s":"square","lem":"square","m":"Open space in a town","l":"English","lf":"English","cf":"blue","sc":"planned_administrative","sg":"planned_admin","cn":"attested","brand":0,"sh":5,"gsrc":"point","lat":19.053726,"lon":72.82758},"geometry":{"type":"Point","coordinates":[72.82758,19.053726]}},{"type":"Feature","properties":{"n":"Rao Wadi","s":"wadi","lem":"wada","m":"Ground surrounded by large structures","l":"Marathi","lf":"Indo-Aryan","cf":"red","sc":"dwelling","sg":"built_social","cn":"attested","brand":0,"sh":2,"gsrc":"point","lat":19.031244,"lon":72.841445},"geometry":{"type":"Point","coordinates":[72.841445,19.031244]}},{"type":"Feature","properties":{"n":"Rawal Camp","s":"camp","lem":"camp","m":"Cantonment","l":"English","lf":"English","cf":"blue","sc":"planned_administrative","sg":"planned_admin","cn":"attested","brand":0,"sh":5,"gsrc":"point","lat":19.036674,"lon":72.867561},"geometry":{"type":"Point","coordinates":[72.867561,19.036674]}},{"type":"Feature","properties":{"n":"RCF Colony","s":"colony","lem":"colony","m":"Settlement","l":"English","lf":"English","cf":"blue","sc":"planned_administrative","sg":"planned_admin","cn":"attested","brand":0,"sh":1,"gsrc":"point","lat":19.045474,"lon":72.906758},"geometry":{"type":"Point","coordinates":[72.906758,19.045474]}},{"type":"Feature","properties":{"n":"RCF Colony","s":"colony","lem":"colony","m":"Settlement","l":"English","lf":"English","cf":"blue","sc":"planned_administrative","sg":"planned_admin","cn":"attested","brand":0,"sh":1,"gsrc":"point","lat":19.153029,"lon":72.947518},"geometry":{"type":"Point","coordinates":[72.947518,19.153029]}},{"type":"Feature","properties":{"n":"Renuka Nagar","s":"nagar","lem":"nagar","m":"City","l":"Sanskrit","lf":"Indo-Aryan","cf":"red","sc":"settlement","sg":"settlement","cn":"attested","brand":0,"sh":0,"gsrc":"point","lat":19.210753,"lon":72.836187},"geometry":{"type":"Point","coordinates":[72.836187,19.210753]}},{"type":"Feature","properties":{"n":"Rizvi Nagar","s":"nagar","lem":"nagar","m":"City","l":"Sanskrit","lf":"Indo-Aryan","cf":"red","sc":"settlement","sg":"settlement","cn":"attested","brand":0,"sh":0,"gsrc":"point","lat":19.089481,"lon":72.835884},"geometry":{"type":"Point","coordinates":[72.835884,19.089481]}},{"type":"Feature","properties":{"n":"Rohidas Nagar","s":"nagar","lem":"nagar","m":"City","l":"Sanskrit","lf":"Indo-Aryan","cf":"red","sc":"settlement","sg":"settlement","cn":"attested","brand":0,"sh":0,"gsrc":"point","lat":19.170234,"lon":72.949074},"geometry":{"type":"Point","coordinates":[72.949074,19.170234]}},{"type":"Feature","properties":{"n":"Royal Palms Estate","s":"estate","lem":"estate","m":"Unknown","l":"English","lf":"English","cf":"blue","sc":"planned_administrative","sg":"planned_admin","cn":"speculative","brand":0,"sh":5,"gsrc":"point","lat":19.153829,"lon":72.886326},"geometry":{"type":"Point","coordinates":[72.886326,19.153829]}},{"type":"Feature","properties":{"n":"RPF Colony","s":"colony","lem":"colony","m":"Settlement","l":"English","lf":"English","cf":"blue","sc":"planned_administrative","sg":"planned_admin","cn":"attested","brand":0,"sh":1,"gsrc":"point","lat":19.069233,"lon":72.84507},"geometry":{"type":"Point","coordinates":[72.84507,19.069233]}},{"type":"Feature","properties":{"n":"S.V. Patel Nagar","s":"nagar","lem":"nagar","m":"City","l":"Sanskrit","lf":"Indo-Aryan","cf":"red","sc":"settlement","sg":"settlement","cn":"attested","brand":0,"sh":0,"gsrc":"point","lat":19.139206,"lon":72.820645},"geometry":{"type":"Point","coordinates":[72.820645,19.139206]}},{"type":"Feature","properties":{"n":"Sabale Nagar","s":"nagar","lem":"nagar","m":"City","l":"Sanskrit","lf":"Indo-Aryan","cf":"red","sc":"settlement","sg":"settlement","cn":"attested","brand":0,"sh":0,"gsrc":"point","lat":19.067978,"lon":72.887328},"geometry":{"type":"Point","coordinates":[72.887328,19.067978]}},{"type":"Feature","properties":{"n":"Sadbhavana Nagar","s":"nagar","lem":"nagar","m":"City","l":"Sanskrit","lf":"Indo-Aryan","cf":"red","sc":"settlement","sg":"settlement","cn":"attested","brand":0,"sh":0,"gsrc":"point","lat":19.00797,"lon":72.856658},"geometry":{"type":"Point","coordinates":[72.856658,19.00797]}},{"type":"Feature","properties":{"n":"Sahar Village","s":"village","lem":"village","m":"Village","l":"English","lf":"English","cf":"blue","sc":"settlement","sg":"settlement","cn":"attested","brand":0,"sh":4,"gsrc":"point","lat":19.10068,"lon":72.86693},"geometry":{"type":"Point","coordinates":[72.86693,19.10068]}},{"type":"Feature","properties":{"n":"Sai Baba Nagar","s":"nagar","lem":"nagar","m":"City","l":"Sanskrit","lf":"Indo-Aryan","cf":"red","sc":"settlement","sg":"settlement","cn":"attested","brand":0,"sh":0,"gsrc":"point","lat":19.062707,"lon":72.891042},"geometry":{"type":"Point","coordinates":[72.891042,19.062707]}},{"type":"Feature","properties":{"n":"Sai Baba Nagar","s":"nagar","lem":"nagar","m":"City","l":"Sanskrit","lf":"Indo-Aryan","cf":"red","sc":"settlement","sg":"settlement","cn":"attested","brand":0,"sh":0,"gsrc":"point","lat":19.216897,"lon":72.847835},"geometry":{"type":"Point","coordinates":[72.847835,19.216897]}},{"type":"Feature","properties":{"n":"Sai Bangoda Adivasi Gaothan","s":"gaothan","lem":"gaothan","m":"Site of a village","l":"Marathi","lf":"Indo-Aryan","cf":"red","sc":"settlement","sg":"settlement","cn":"attested","brand":0,"sh":5,"gsrc":"point","lat":19.147053,"lon":72.894942},"geometry":{"type":"Point","coordinates":[72.894942,19.147053]}},{"type":"Feature","properties":{"n":"Sai Nagar","s":"nagar","lem":"nagar","m":"City","l":"Sanskrit","lf":"Indo-Aryan","cf":"red","sc":"settlement","sg":"settlement","cn":"attested","brand":0,"sh":0,"gsrc":"point","lat":19.149018,"lon":72.925706},"geometry":{"type":"Point","coordinates":[72.925706,19.149018]}},{"type":"Feature","properties":{"n":"Sai Sagar","s":"sagar","lem":"sagar","m":"Sea","l":"Sanskrit","lf":"Indo-Aryan","cf":"red","sc":"hydrology","sg":"water","cn":"attested","brand":0,"sh":5,"gsrc":"point","lat":19.0806,"lon":72.8941},"geometry":{"type":"Point","coordinates":[72.8941,19.0806]}},{"type":"Feature","properties":{"n":"Saibaba Nagar","s":"nagar","lem":"nagar","m":"City","l":"Sanskrit","lf":"Indo-Aryan","cf":"red","sc":"settlement","sg":"settlement","cn":"attested","brand":0,"sh":0,"gsrc":"point","lat":19.045367,"lon":72.858058},"geometry":{"type":"Point","coordinates":[72.858058,19.045367]}},{"type":"Feature","properties":{"n":"Saibaba Nagar","s":"nagar","lem":"nagar","m":"City","l":"Sanskrit","lf":"Indo-Aryan","cf":"red","sc":"settlement","sg":"settlement","cn":"attested","brand":0,"sh":0,"gsrc":"point","lat":19.084161,"lon":72.910591},"geometry":{"type":"Point","coordinates":[72.910591,19.084161]}},{"type":"Feature","properties":{"n":"Sainath Nagar","s":"nagar","lem":"nagar","m":"City","l":"Sanskrit","lf":"Indo-Aryan","cf":"red","sc":"settlement","sg":"settlement","cn":"attested","brand":0,"sh":0,"gsrc":"point","lat":19.094178,"lon":72.910874},"geometry":{"type":"Point","coordinates":[72.910874,19.094178]}},{"type":"Feature","properties":{"n":"Saki Naka","s":"naka","lem":"naka","m":"Street corner","l":"Marathi","lf":"Indo-Aryan","cf":"red","sc":"infrastructure","sg":"built_social","cn":"attested","brand":0,"sh":5,"gsrc":"point","lat":19.108206,"lon":72.88284},"geometry":{"type":"Point","coordinates":[72.88284,19.108206]}},{"type":"Feature","properties":{"n":"Salpadevipada","s":"pada","lem":"pada","m":"Hamlet / Village","l":"Marathi","lf":"Indo-Aryan","cf":"red","sc":"settlement","sg":"settlement","cn":"attested","brand":0,"sh":3,"gsrc":"point","lat":19.167281,"lon":72.941125},"geometry":{"type":"Point","coordinates":[72.941125,19.167281]}},{"type":"Feature","properties":{"n":"Samarath Nagar","s":"nagar","lem":"nagar","m":"City","l":"Sanskrit","lf":"Indo-Aryan","cf":"red","sc":"settlement","sg":"settlement","cn":"attested","brand":0,"sh":0,"gsrc":"point","lat":19.144245,"lon":72.924425},"geometry":{"type":"Point","coordinates":[72.924425,19.144245]}},{"type":"Feature","properties":{"n":"Samata Colony","s":"colony","lem":"colony","m":"Settlement","l":"English","lf":"English","cf":"blue","sc":"planned_administrative","sg":"planned_admin","cn":"attested","brand":0,"sh":1,"gsrc":"point","lat":19.0801,"lon":72.9155},"geometry":{"type":"Point","coordinates":[72.9155,19.0801]}},{"type":"Feature","properties":{"n":"Samrat Ashok Nagar","s":"nagar","lem":"nagar","m":"City","l":"Sanskrit","lf":"Indo-Aryan","cf":"red","sc":"settlement","sg":"settlement","cn":"attested","brand":0,"sh":0,"gsrc":"point","lat":19.054314,"lon":72.913487},"geometry":{"type":"Point","coordinates":[72.913487,19.054314]}},{"type":"Feature","properties":{"n":"Sangam Nagar","s":"nagar","lem":"nagar","m":"City","l":"Sanskrit","lf":"Indo-Aryan","cf":"red","sc":"settlement","sg":"settlement","cn":"attested","brand":0,"sh":0,"gsrc":"point","lat":19.0243,"lon":72.8721},"geometry":{"type":"Point","coordinates":[72.8721,19.0243]}},{"type":"Feature","properties":{"n":"Sangharsh Nagar","s":"nagar","lem":"nagar","m":"City","l":"Sanskrit","lf":"Indo-Aryan","cf":"red","sc":"settlement","sg":"settlement","cn":"attested","brand":0,"sh":0,"gsrc":"osm_place","lat":19.104521,"lon":72.90146},"geometry":{"type":"Polygon","coordinates":[[[72.90085,19.10266],[72.90173,19.10279],[72.90188,19.10297],[72.90213,19.10277],[72.9023,19.10306],[72.90246,19.10294],[72.90279,19.10337],[72.90234,19.10371],[72.90275,19.10426],[72.90282,19.10435],[72.9029,19.10449],[72.90295,19.10458],[72.90303,19.1053],[72.90313,19.10592],[72.90314,19.10603],[72.90327,19.10728],[72.90348,19.10972],[72.90252,19.10978],[72.90252,19.10969],[72.90157,19.10979],[72.90143,19.10893],[72.90123,19.10804],[72.90098,19.10715],[72.90068,19.1061],[72.90058,19.10573],[72.90046,19.10524],[72.90031,19.10459],[72.89993,19.10317],[72.90011,19.10313],[72.90085,19.10266]]]}},{"type":"Feature","properties":{"n":"Sanjay Nagar I","s":"nagar","lem":"nagar","m":"City","l":"Sanskrit","lf":"Indo-Aryan","cf":"red","sc":"settlement","sg":"settlement","cn":"attested","brand":0,"sh":0,"gsrc":"point","lat":19.065753,"lon":72.926869},"geometry":{"type":"Point","coordinates":[72.926869,19.065753]}},{"type":"Feature","properties":{"n":"Sanjay Nagar II","s":"nagar","lem":"nagar","m":"City","l":"Sanskrit","lf":"Indo-Aryan","cf":"red","sc":"settlement","sg":"settlement","cn":"attested","brand":0,"sh":0,"gsrc":"point","lat":19.067394,"lon":72.927457},"geometry":{"type":"Point","coordinates":[72.927457,19.067394]}},{"type":"Feature","properties":{"n":"Sant Dnyaneshwar Nagar","s":"nagar","lem":"nagar","m":"City","l":"Sanskrit","lf":"Indo-Aryan","cf":"red","sc":"settlement","sg":"settlement","cn":"attested","brand":0,"sh":0,"gsrc":"point","lat":19.064216,"lon":72.853476},"geometry":{"type":"Point","coordinates":[72.853476,19.064216]}},{"type":"Feature","properties":{"n":"Santacruz West","s":"west","lem":"west","m":"Direction","l":"English","lf":"English","cf":"blue","sc":"planned_administrative","sg":"planned_admin","cn":"attested","brand":0,"sh":5,"gsrc":"point","lat":19.0844,"lon":72.83729},"geometry":{"type":"Point","coordinates":[72.83729,19.0844]}},{"type":"Feature","properties":{"n":"Santoshi Mata Hill","s":"hill","lem":"hill","m":"Hill","l":"English","lf":"English","cf":"blue","sc":"topography","sg":"land","cn":"attested","brand":0,"sh":5,"gsrc":"point","lat":19.147925,"lon":72.924112},"geometry":{"type":"Point","coordinates":[72.924112,19.147925]}},{"type":"Feature","properties":{"n":"Sardar Vallabhbhai Patel Nagar","s":"nagar","lem":"nagar","m":"City","l":"Sanskrit","lf":"Indo-Aryan","cf":"red","sc":"settlement","sg":"settlement","cn":"attested","brand":0,"sh":0,"gsrc":"point","lat":19.032075,"lon":72.870932},"geometry":{"type":"Point","coordinates":[72.870932,19.032075]}},{"type":"Feature","properties":{"n":"Sarvoday Nagar","s":"nagar","lem":"nagar","m":"City","l":"Sanskrit","lf":"Indo-Aryan","cf":"red","sc":"settlement","sg":"settlement","cn":"attested","brand":0,"sh":0,"gsrc":"point","lat":19.150774,"lon":72.930998},"geometry":{"type":"Point","coordinates":[72.930998,19.150774]}},{"type":"Feature","properties":{"n":"Sarvodaya Nagar","s":"nagar","lem":"nagar","m":"City","l":"Sanskrit","lf":"Indo-Aryan","cf":"red","sc":"settlement","sg":"settlement","cn":"attested","brand":0,"sh":0,"gsrc":"point","lat":19.163544,"lon":72.946321},"geometry":{"type":"Point","coordinates":[72.946321,19.163544]}},{"type":"Feature","properties":{"n":"Sen Nagar","s":"nagar","lem":"nagar","m":"City","l":"Sanskrit","lf":"Indo-Aryan","cf":"red","sc":"settlement","sg":"settlement","cn":"attested","brand":0,"sh":0,"gsrc":"point","lat":19.082838,"lon":72.84353},"geometry":{"type":"Point","coordinates":[72.84353,19.082838]}},{"type":"Feature","properties":{"n":"Seven Bungalows","s":"bungalows","lem":"bungalows","m":"Bungalows","l":"English","lf":"English","cf":"blue","sc":"dwelling","sg":"built_social","cn":"attested","brand":0,"sh":5,"gsrc":"point","lat":19.129762,"lon":72.821378},"geometry":{"type":"Point","coordinates":[72.821378,19.129762]}},{"type":"Feature","properties":{"n":"Sewri","s":"\u2014","lem":"Simplex","m":"Single morpheme, no suffix","l":"Pre-suffixal","lf":"Other","cf":"grey","sc":"simplex","sg":"simplex","cn":"attested","brand":0,"sh":0,"gsrc":"point","lat":19.001418,"lon":72.854258},"geometry":{"type":"Point","coordinates":[72.854258,19.001418]}},{"type":"Feature","properties":{"n":"Sewri Koliwada","s":"koliwada","lem":"koliwada","m":"Koli fishing settlement","l":"Marathi","lf":"Indo-Aryan","cf":"red","sc":"settlement","sg":"settlement","cn":"attested","brand":0,"sh":4,"gsrc":"point","lat":19.000664,"lon":72.857357},"geometry":{"type":"Point","coordinates":[72.857357,19.000664]}},{"type":"Feature","properties":{"n":"Shankar Tekdi","s":"tekdi","lem":"tekdi","m":"Hill","l":"Marathi","lf":"Indo-Aryan","cf":"red","sc":"topography","sg":"land","cn":"attested","brand":0,"sh":5,"gsrc":"point","lat":19.172049,"lon":72.93158},"geometry":{"type":"Point","coordinates":[72.93158,19.172049]}},{"type":"Feature","properties":{"n":"Shanti Nagar","s":"nagar","lem":"nagar","m":"City","l":"Sanskrit","lf":"Indo-Aryan","cf":"red","sc":"settlement","sg":"settlement","cn":"attested","brand":0,"sh":0,"gsrc":"point","lat":19.064192,"lon":72.931151},"geometry":{"type":"Point","coordinates":[72.931151,19.064192]}},{"type":"Feature","properties":{"n":"Shantinagar","s":"nagar","lem":"nagar","m":"City","l":"Sanskrit","lf":"Indo-Aryan","cf":"red","sc":"settlement","sg":"settlement","cn":"attested","brand":0,"sh":0,"gsrc":"point","lat":18.983394,"lon":72.827801},"geometry":{"type":"Point","coordinates":[72.827801,18.983394]}},{"type":"Feature","properties":{"n":"Shashtri Nagar","s":"nagar","lem":"nagar","m":"City","l":"Sanskrit","lf":"Indo-Aryan","cf":"red","sc":"settlement","sg":"settlement","cn":"attested","brand":0,"sh":0,"gsrc":"point","lat":19.065419,"lon":72.928335},"geometry":{"type":"Point","coordinates":[72.928335,19.065419]}},{"type":"Feature","properties":{"n":"Shastri Nagar","s":"nagar","lem":"nagar","m":"City","l":"Sanskrit","lf":"Indo-Aryan","cf":"red","sc":"settlement","sg":"settlement","cn":"attested","brand":0,"sh":0,"gsrc":"point","lat":19.092865,"lon":72.851508},"geometry":{"type":"Point","coordinates":[72.851508,19.092865]}},{"type":"Feature","properties":{"n":"Shastri Nagar","s":"nagar","lem":"nagar","m":"City","l":"Sanskrit","lf":"Indo-Aryan","cf":"red","sc":"settlement","sg":"settlement","cn":"attested","brand":0,"sh":0,"gsrc":"point","lat":19.138039,"lon":72.828016},"geometry":{"type":"Point","coordinates":[72.828016,19.138039]}},{"type":"Feature","properties":{"n":"Shastri Nagar","s":"nagar","lem":"nagar","m":"City","l":"Sanskrit","lf":"Indo-Aryan","cf":"red","sc":"settlement","sg":"settlement","cn":"attested","brand":0,"sh":0,"gsrc":"point","lat":19.15821,"lon":72.835953},"geometry":{"type":"Point","coordinates":[72.835953,19.15821]}},{"type":"Feature","properties":{"n":"Shell Colony","s":"colony","lem":"colony","m":"Settlement","l":"English","lf":"English","cf":"blue","sc":"planned_administrative","sg":"planned_admin","cn":"attested","brand":0,"sh":1,"gsrc":"point","lat":19.065641,"lon":72.894193},"geometry":{"type":"Point","coordinates":[72.894193,19.065641]}},{"type":"Feature","properties":{"n":"Sher e Punjab Colony","s":"colony","lem":"colony","m":"Settlement","l":"English","lf":"English","cf":"blue","sc":"planned_administrative","sg":"planned_admin","cn":"attested","brand":0,"sh":1,"gsrc":"point","lat":19.127689,"lon":72.862782},"geometry":{"type":"Point","coordinates":[72.862782,19.127689]}},{"type":"Feature","properties":{"n":"Sheshwadi","s":"wadi","lem":"wada","m":"Ground surrounded by large structures","l":"Marathi","lf":"Indo-Aryan","cf":"red","sc":"dwelling","sg":"built_social","cn":"attested","brand":0,"sh":2,"gsrc":"point","lat":19.042571,"lon":72.849354},"geometry":{"type":"Point","coordinates":[72.849354,19.042571]}},{"type":"Feature","properties":{"n":"Shimpoli","s":"oli","lem":"oli","m":"Village","l":"Sanskrit","lf":"Indo-Aryan","cf":"red","sc":"settlement","sg":"settlement","cn":"attested","brand":0,"sh":5,"gsrc":"point","lat":19.223884,"lon":72.847685},"geometry":{"type":"Point","coordinates":[72.847685,19.223884]}},{"type":"Feature","properties":{"n":"Shindewadi","s":"wadi","lem":"wada","m":"Ground surrounded by large structures","l":"Marathi","lf":"Indo-Aryan","cf":"red","sc":"dwelling","sg":"built_social","cn":"attested","brand":0,"sh":2,"gsrc":"point","lat":19.011684,"lon":72.843607},"geometry":{"type":"Point","coordinates":[72.843607,19.011684]}},{"type":"Feature","properties":{"n":"Shiv Premi Nagar","s":"nagar","lem":"nagar","m":"City","l":"Sanskrit","lf":"Indo-Aryan","cf":"red","sc":"settlement","sg":"settlement","cn":"attested","brand":0,"sh":0,"gsrc":"point","lat":19.095861,"lon":72.897598},"geometry":{"type":"Point","coordinates":[72.897598,19.095861]}},{"type":"Feature","properties":{"n":"Shiv Shakti Nagar","s":"nagar","lem":"nagar","m":"City","l":"Sanskrit","lf":"Indo-Aryan","cf":"red","sc":"settlement","sg":"settlement","cn":"attested","brand":0,"sh":0,"gsrc":"point","lat":18.920902,"lon":72.825435},"geometry":{"type":"Point","coordinates":[72.825435,18.920902]}},{"type":"Feature","properties":{"n":"Shiv Shakti Nagar","s":"nagar","lem":"nagar","m":"City","l":"Sanskrit","lf":"Indo-Aryan","cf":"red","sc":"settlement","sg":"settlement","cn":"attested","brand":0,"sh":0,"gsrc":"point","lat":19.123077,"lon":72.88962},"geometry":{"type":"Point","coordinates":[72.88962,19.123077]}},{"type":"Feature","properties":{"n":"Shivaji Nagar","s":"nagar","lem":"nagar","m":"City","l":"Sanskrit","lf":"Indo-Aryan","cf":"red","sc":"settlement","sg":"settlement","cn":"attested","brand":0,"sh":0,"gsrc":"point","lat":19.063789,"lon":72.9249},"geometry":{"type":"Point","coordinates":[72.9249,19.063789]}},{"type":"Feature","properties":{"n":"Shivaji nagar","s":"nagar","lem":"nagar","m":"City","l":"Sanskrit","lf":"Indo-Aryan","cf":"red","sc":"settlement","sg":"settlement","cn":"attested","brand":0,"sh":0,"gsrc":"point","lat":19.109555,"lon":72.916054},"geometry":{"type":"Point","coordinates":[72.916054,19.109555]}},{"type":"Feature","properties":{"n":"Shivaji Nagar","s":"nagar","lem":"nagar","m":"City","l":"Sanskrit","lf":"Indo-Aryan","cf":"red","sc":"settlement","sg":"settlement","cn":"attested","brand":0,"sh":0,"gsrc":"point","lat":19.117608,"lon":72.876059},"geometry":{"type":"Point","coordinates":[72.876059,19.117608]}},{"type":"Feature","properties":{"n":"Shivaji Nagar","s":"nagar","lem":"nagar","m":"City","l":"Sanskrit","lf":"Indo-Aryan","cf":"red","sc":"settlement","sg":"settlement","cn":"attested","brand":0,"sh":0,"gsrc":"point","lat":19.245185,"lon":72.85459},"geometry":{"type":"Point","coordinates":[72.85459,19.245185]}},{"type":"Feature","properties":{"n":"Shivaji Park","s":"park","lem":"park","m":"Park","l":"English","lf":"English","cf":"blue","sc":"flora_agriculture","sg":"land","cn":"attested","brand":0,"sh":5,"gsrc":"point","lat":19.028745,"lon":72.839161},"geometry":{"type":"Point","coordinates":[72.839161,19.028745]}},{"type":"Feature","properties":{"n":"Shivajinagar","s":"nagar","lem":"nagar","m":"City","l":"Sanskrit","lf":"Indo-Aryan","cf":"red","sc":"settlement","sg":"settlement","cn":"attested","brand":0,"sh":0,"gsrc":"point","lat":19.060778,"lon":72.843382},"geometry":{"type":"Point","coordinates":[72.843382,19.060778]}},{"type":"Feature","properties":{"n":"Shivneri Nagar","s":"nagar","lem":"nagar","m":"City","l":"Sanskrit","lf":"Indo-Aryan","cf":"red","sc":"settlement","sg":"settlement","cn":"attested","brand":0,"sh":0,"gsrc":"point","lat":19.051413,"lon":72.911431},"geometry":{"type":"Point","coordinates":[72.911431,19.051413]}},{"type":"Feature","properties":{"n":"Shivshrushti","s":"shrushti","lem":"shrushti","m":"Creation / world (modern coinage)","l":"Sanskrit","lf":"Indo-Aryan","cf":"red","sc":"settlement","sg":"settlement","cn":"probable","brand":0,"sh":5,"gsrc":"point","lat":19.057389,"lon":72.882453},"geometry":{"type":"Point","coordinates":[72.882453,19.057389]}},{"type":"Feature","properties":{"n":"Shrirampada","s":"pada","lem":"pada","m":"Hamlet / Village","l":"Marathi","lf":"Indo-Aryan","cf":"red","sc":"settlement","sg":"settlement","cn":"attested","brand":0,"sh":3,"gsrc":"point","lat":19.1582,"lon":72.9311},"geometry":{"type":"Point","coordinates":[72.9311,19.1582]}},{"type":"Feature","properties":{"n":"Shyam Nagar","s":"nagar","lem":"nagar","m":"City","l":"Sanskrit","lf":"Indo-Aryan","cf":"red","sc":"settlement","sg":"settlement","cn":"attested","brand":0,"sh":0,"gsrc":"point","lat":19.137156,"lon":72.861468},"geometry":{"type":"Point","coordinates":[72.861468,19.137156]}},{"type":"Feature","properties":{"n":"Siddharth Colony","s":"colony","lem":"colony","m":"Settlement","l":"English","lf":"English","cf":"blue","sc":"planned_administrative","sg":"planned_admin","cn":"attested","brand":0,"sh":1,"gsrc":"point","lat":19.057828,"lon":72.892061},"geometry":{"type":"Point","coordinates":[72.892061,19.057828]}},{"type":"Feature","properties":{"n":"Sindhi Society","s":"society","lem":"society","m":"Society","l":"English","lf":"English","cf":"blue","sc":"planned_administrative","sg":"planned_admin","cn":"attested","brand":0,"sh":5,"gsrc":"point","lat":19.050875,"lon":72.889054},"geometry":{"type":"Point","coordinates":[72.889054,19.050875]}},{"type":"Feature","properties":{"n":"Sion East","s":"east","lem":"east","m":"Direction","l":"English","lf":"English","cf":"blue","sc":"planned_administrative","sg":"planned_admin","cn":"attested","brand":0,"sh":5,"gsrc":"point","lat":19.042815,"lon":72.865356},"geometry":{"type":"Point","coordinates":[72.865356,19.042815]}},{"type":"Feature","properties":{"n":"Sion Koliwada","s":"koliwada","lem":"koliwada","m":"Koli fishing settlement","l":"Marathi","lf":"Indo-Aryan","cf":"red","sc":"settlement","sg":"settlement","cn":"attested","brand":0,"sh":4,"gsrc":"point","lat":19.04073,"lon":72.86423},"geometry":{"type":"Point","coordinates":[72.86423,19.04073]}},{"type":"Feature","properties":{"n":"Sitaphalwadi","s":"wadi","lem":"wada","m":"Ground surrounded by large structures","l":"Marathi","lf":"Indo-Aryan","cf":"red","sc":"dwelling","sg":"built_social","cn":"attested","brand":0,"sh":2,"gsrc":"point","lat":18.974506,"lon":72.8392},"geometry":{"type":"Point","coordinates":[72.8392,18.974506]}},{"type":"Feature","properties":{"n":"Social Nagar","s":"nagar","lem":"nagar","m":"City","l":"Sanskrit","lf":"Indo-Aryan","cf":"red","sc":"settlement","sg":"settlement","cn":"attested","brand":0,"sh":0,"gsrc":"point","lat":19.043942,"lon":72.860113},"geometry":{"type":"Point","coordinates":[72.860113,19.043942]}},{"type":"Feature","properties":{"n":"Sonapur","s":"pur","lem":"pura","m":"City / Fort","l":"Sanskrit","lf":"Indo-Aryan","cf":"red","sc":"settlement","sg":"settlement","cn":"attested","brand":0,"sh":1,"gsrc":"point","lat":19.162858,"lon":72.934172},"geometry":{"type":"Point","coordinates":[72.934172,19.162858]}},{"type":"Feature","properties":{"n":"Sri Ganesh Patel Nagar","s":"nagar","lem":"nagar","m":"City","l":"Sanskrit","lf":"Indo-Aryan","cf":"red","sc":"settlement","sg":"settlement","cn":"attested","brand":0,"sh":0,"gsrc":"point","lat":19.025525,"lon":72.88919},"geometry":{"type":"Point","coordinates":[72.88919,19.025525]}},{"type":"Feature","properties":{"n":"Sriput Nagar","s":"nagar","lem":"nagar","m":"City","l":"Sanskrit","lf":"Indo-Aryan","cf":"red","sc":"settlement","sg":"settlement","cn":"attested","brand":0,"sh":0,"gsrc":"point","lat":19.131683,"lon":72.87563},"geometry":{"type":"Point","coordinates":[72.87563,19.131683]}},{"type":"Feature","properties":{"n":"Srirampada","s":"pada","lem":"pada","m":"Hamlet / Village","l":"Marathi","lf":"Indo-Aryan","cf":"red","sc":"settlement","sg":"settlement","cn":"attested","brand":0,"sh":3,"gsrc":"point","lat":19.162514,"lon":72.931302},"geometry":{"type":"Point","coordinates":[72.931302,19.162514]}},{"type":"Feature","properties":{"n":"St Pius Colony","s":"colony","lem":"colony","m":"Settlement","l":"English","lf":"English","cf":"blue","sc":"planned_administrative","sg":"planned_admin","cn":"attested","brand":0,"sh":1,"gsrc":"point","lat":19.166345,"lon":72.946987},"geometry":{"type":"Point","coordinates":[72.946987,19.166345]}},{"type":"Feature","properties":{"n":"Subhash Nagar","s":"nagar","lem":"nagar","m":"City","l":"Sanskrit","lf":"Indo-Aryan","cf":"red","sc":"settlement","sg":"settlement","cn":"attested","brand":0,"sh":0,"gsrc":"point","lat":19.057956,"lon":72.905566},"geometry":{"type":"Point","coordinates":[72.905566,19.057956]}},{"type":"Feature","properties":{"n":"Subhash Nagar","s":"nagar","lem":"nagar","m":"City","l":"Sanskrit","lf":"Indo-Aryan","cf":"red","sc":"settlement","sg":"settlement","cn":"attested","brand":0,"sh":0,"gsrc":"point","lat":19.085173,"lon":72.85331},"geometry":{"type":"Point","coordinates":[72.85331,19.085173]}},{"type":"Feature","properties":{"n":"Subhash Nagar","s":"nagar","lem":"nagar","m":"City","l":"Sanskrit","lf":"Indo-Aryan","cf":"red","sc":"settlement","sg":"settlement","cn":"attested","brand":0,"sh":0,"gsrc":"point","lat":19.157277,"lon":72.943644},"geometry":{"type":"Point","coordinates":[72.943644,19.157277]}},{"type":"Feature","properties":{"n":"Suman Nagar","s":"nagar","lem":"nagar","m":"City","l":"Sanskrit","lf":"Indo-Aryan","cf":"red","sc":"settlement","sg":"settlement","cn":"attested","brand":0,"sh":0,"gsrc":"point","lat":19.053016,"lon":72.883768},"geometry":{"type":"Point","coordinates":[72.883768,19.053016]}},{"type":"Feature","properties":{"n":"Sumer Nagar","s":"nagar","lem":"nagar","m":"City","l":"Sanskrit","lf":"Indo-Aryan","cf":"red","sc":"settlement","sg":"settlement","cn":"attested","brand":0,"sh":0,"gsrc":"point","lat":19.220286,"lon":72.853596},"geometry":{"type":"Point","coordinates":[72.853596,19.220286]}},{"type":"Feature","properties":{"n":"Sundar Nagar","s":"nagar","lem":"nagar","m":"City","l":"Sanskrit","lf":"Indo-Aryan","cf":"red","sc":"settlement","sg":"settlement","cn":"attested","brand":0,"sh":0,"gsrc":"point","lat":19.075732,"lon":72.863187},"geometry":{"type":"Point","coordinates":[72.863187,19.075732]}},{"type":"Feature","properties":{"n":"Sunder Baug","s":"baug","lem":"bagh","m":"Garden","l":"Persian","lf":"Perso-Arabic","cf":"purple","sc":"flora_agriculture","sg":"land","cn":"attested","brand":0,"sh":0,"gsrc":"point","lat":19.087371,"lon":72.887129},"geometry":{"type":"Point","coordinates":[72.887129,19.087371]}},{"type":"Feature","properties":{"n":"Suresh Nagar","s":"nagar","lem":"nagar","m":"City","l":"Sanskrit","lf":"Indo-Aryan","cf":"red","sc":"settlement","sg":"settlement","cn":"attested","brand":0,"sh":0,"gsrc":"point","lat":19.133672,"lon":72.826955},"geometry":{"type":"Point","coordinates":[72.826955,19.133672]}},{"type":"Feature","properties":{"n":"Surya Nagar","s":"nagar","lem":"nagar","m":"City","l":"Sanskrit","lf":"Indo-Aryan","cf":"red","sc":"settlement","sg":"settlement","cn":"attested","brand":0,"sh":0,"gsrc":"point","lat":19.119044,"lon":72.923498},"geometry":{"type":"Point","coordinates":[72.923498,19.119044]}},{"type":"Feature","properties":{"n":"Sutar Pakhadi","s":"pakhadi","lem":"pakhadi","m":"Side/Quarter","l":"Sanskrit","lf":"Indo-Aryan","cf":"red","sc":"settlement","sg":"settlement","cn":"attested","brand":0,"sh":5,"gsrc":"point","lat":19.09632,"lon":72.86436},"geometry":{"type":"Point","coordinates":[72.86436,19.09632]}},{"type":"Feature","properties":{"n":"Swami Narayan Nagar","s":"nagar","lem":"nagar","m":"City","l":"Sanskrit","lf":"Indo-Aryan","cf":"red","sc":"settlement","sg":"settlement","cn":"attested","brand":0,"sh":0,"gsrc":"point","lat":19.116329,"lon":72.916375},"geometry":{"type":"Point","coordinates":[72.916375,19.116329]}},{"type":"Feature","properties":{"n":"Swami Samarth Nagar","s":"nagar","lem":"nagar","m":"City","l":"Sanskrit","lf":"Indo-Aryan","cf":"red","sc":"settlement","sg":"settlement","cn":"attested","brand":0,"sh":0,"gsrc":"point","lat":19.143083,"lon":72.824615},"geometry":{"type":"Point","coordinates":[72.824615,19.143083]}},{"type":"Feature","properties":{"n":"Swapna Nagari","s":"nagari","lem":"nagar","m":"City","l":"Hindi","lf":"Indo-Aryan","cf":"red","sc":"settlement","sg":"settlement","cn":"attested","brand":0,"sh":0,"gsrc":"point","lat":19.182284,"lon":72.941307},"geometry":{"type":"Point","coordinates":[72.941307,19.182284]}},{"type":"Feature","properties":{"n":"Swastik Park","s":"park","lem":"park","m":"Park","l":"English","lf":"English","cf":"blue","sc":"flora_agriculture","sg":"land","cn":"attested","brand":0,"sh":5,"gsrc":"point","lat":19.056568,"lon":72.890296},"geometry":{"type":"Point","coordinates":[72.890296,19.056568]}},{"type":"Feature","properties":{"n":"Tagore Nagar","s":"nagar","lem":"nagar","m":"City","l":"Sanskrit","lf":"Indo-Aryan","cf":"red","sc":"settlement","sg":"settlement","cn":"attested","brand":0,"sh":0,"gsrc":"point","lat":19.119615,"lon":72.934314},"geometry":{"type":"Point","coordinates":[72.934314,19.119615]}},{"type":"Feature","properties":{"n":"Takshila Colony","s":"colony","lem":"colony","m":"Settlement","l":"English","lf":"English","cf":"blue","sc":"planned_administrative","sg":"planned_admin","cn":"attested","brand":0,"sh":1,"gsrc":"point","lat":19.131842,"lon":72.868245},"geometry":{"type":"Point","coordinates":[72.868245,19.131842]}},{"type":"Feature","properties":{"n":"Talaopada","s":"pada","lem":"pada","m":"Hamlet / Village","l":"Marathi","lf":"Indo-Aryan","cf":"red","sc":"settlement","sg":"settlement","cn":"attested","brand":0,"sh":3,"gsrc":"point","lat":19.222218,"lon":72.875169},"geometry":{"type":"Point","coordinates":[72.875169,19.222218]}},{"type":"Feature","properties":{"n":"Tanajiwadi","s":"wadi","lem":"wada","m":"Ground surrounded by large structures","l":"Marathi","lf":"Indo-Aryan","cf":"red","sc":"dwelling","sg":"built_social","cn":"attested","brand":0,"sh":2,"gsrc":"point","lat":19.159275,"lon":72.929066},"geometry":{"type":"Point","coordinates":[72.929066,19.159275]}},{"type":"Feature","properties":{"n":"Tara Village","s":"village","lem":"village","m":"Village","l":"English","lf":"English","cf":"blue","sc":"settlement","sg":"settlement","cn":"attested","brand":0,"sh":4,"gsrc":"point","lat":19.084253,"lon":72.827441},"geometry":{"type":"Point","coordinates":[72.827441,19.084253]}},{"type":"Feature","properties":{"n":"Tardeo","s":"deo","lem":"deo","m":"Unknown","l":"Marathi","lf":"Indo-Aryan","cf":"red","sc":"religious","sg":"built_social","cn":"speculative","brand":0,"sh":5,"gsrc":"point","lat":18.972235,"lon":72.820342},"geometry":{"type":"Point","coordinates":[72.820342,18.972235]}},{"type":"Feature","properties":{"n":"Tata Nagar","s":"nagar","lem":"nagar","m":"City","l":"Sanskrit","lf":"Indo-Aryan","cf":"red","sc":"settlement","sg":"settlement","cn":"attested","brand":0,"sh":0,"gsrc":"point","lat":19.052629,"lon":72.919763},"geometry":{"type":"Point","coordinates":[72.919763,19.052629]}},{"type":"Feature","properties":{"n":"Tatanagar","s":"nagar","lem":"nagar","m":"City","l":"Sanskrit","lf":"Indo-Aryan","cf":"red","sc":"settlement","sg":"settlement","cn":"attested","brand":0,"sh":0,"gsrc":"point","lat":19.162466,"lon":72.956225},"geometry":{"type":"Point","coordinates":[72.956225,19.162466]}},{"type":"Feature","properties":{"n":"Telephone Colony","s":"colony","lem":"colony","m":"Settlement","l":"English","lf":"English","cf":"blue","sc":"planned_administrative","sg":"planned_admin","cn":"attested","brand":0,"sh":1,"gsrc":"point","lat":19.034024,"lon":72.84528},"geometry":{"type":"Point","coordinates":[72.84528,19.034024]}},{"type":"Feature","properties":{"n":"Tembhipada","s":"pada","lem":"pada","m":"Hamlet / Village","l":"Marathi","lf":"Indo-Aryan","cf":"red","sc":"settlement","sg":"settlement","cn":"attested","brand":0,"sh":3,"gsrc":"point","lat":19.156084,"lon":72.927366},"geometry":{"type":"Point","coordinates":[72.927366,19.156084]}},{"type":"Feature","properties":{"n":"Thakur Village","s":"village","lem":"village","m":"Village","l":"English","lf":"English","cf":"blue","sc":"settlement","sg":"settlement","cn":"attested","brand":0,"sh":4,"gsrc":"point","lat":19.209719,"lon":72.875925},"geometry":{"type":"Point","coordinates":[72.875925,19.209719]}},{"type":"Feature","properties":{"n":"TIFR Colony","s":"colony","lem":"colony","m":"Settlement","l":"English","lf":"English","cf":"blue","sc":"planned_administrative","sg":"planned_admin","cn":"attested","brand":0,"sh":1,"gsrc":"point","lat":19.0397,"lon":72.9389},"geometry":{"type":"Point","coordinates":[72.9389,19.0397]}},{"type":"Feature","properties":{"n":"Tilak Nagar","s":"nagar","lem":"nagar","m":"City","l":"Sanskrit","lf":"Indo-Aryan","cf":"red","sc":"settlement","sg":"settlement","cn":"attested","brand":0,"sh":0,"gsrc":"point","lat":19.069238,"lon":72.897846},"geometry":{"type":"Point","coordinates":[72.897846,19.069238]}},{"type":"Feature","properties":{"n":"Tirandaz Village","s":"village","lem":"village","m":"Village","l":"English","lf":"English","cf":"blue","sc":"settlement","sg":"settlement","cn":"attested","brand":0,"sh":4,"gsrc":"point","lat":19.124241,"lon":72.917874},"geometry":{"type":"Point","coordinates":[72.917874,19.124241]}},{"type":"Feature","properties":{"n":"Trimurti Nagar","s":"nagar","lem":"nagar","m":"City","l":"Sanskrit","lf":"Indo-Aryan","cf":"red","sc":"settlement","sg":"settlement","cn":"attested","brand":0,"sh":0,"gsrc":"point","lat":19.161977,"lon":72.930878},"geometry":{"type":"Point","coordinates":[72.930878,19.161977]}},{"type":"Feature","properties":{"n":"Trombay Koliwada","s":"koliwada","lem":"koliwada","m":"Koli fishing settlement","l":"Marathi","lf":"Indo-Aryan","cf":"red","sc":"settlement","sg":"settlement","cn":"attested","brand":0,"sh":4,"gsrc":"point","lat":19.033207,"lon":72.9489},"geometry":{"type":"Point","coordinates":[72.9489,19.033207]}},{"type":"Feature","properties":{"n":"Tulshethpada","s":"pada","lem":"pada","m":"Hamlet / Village","l":"Marathi","lf":"Indo-Aryan","cf":"red","sc":"settlement","sg":"settlement","cn":"attested","brand":0,"sh":3,"gsrc":"point","lat":19.159933,"lon":72.930277},"geometry":{"type":"Point","coordinates":[72.930277,19.159933]}},{"type":"Feature","properties":{"n":"Tulsi Wadi","s":"wadi","lem":"wada","m":"Ground surrounded by large structures","l":"Marathi","lf":"Indo-Aryan","cf":"red","sc":"dwelling","sg":"built_social","cn":"attested","brand":0,"sh":2,"gsrc":"point","lat":18.977995,"lon":72.819182},"geometry":{"type":"Point","coordinates":[72.819182,18.977995]}},{"type":"Feature","properties":{"n":"Tunga Village","s":"village","lem":"village","m":"Village","l":"English","lf":"English","cf":"blue","sc":"settlement","sg":"settlement","cn":"attested","brand":0,"sh":4,"gsrc":"point","lat":19.119371,"lon":72.892434},"geometry":{"type":"Point","coordinates":[72.892434,19.119371]}},{"type":"Feature","properties":{"n":"Udyog Nagar","s":"nagar","lem":"nagar","m":"City","l":"Sanskrit","lf":"Indo-Aryan","cf":"red","sc":"settlement","sg":"settlement","cn":"attested","brand":0,"sh":0,"gsrc":"point","lat":19.17,"lon":72.846},"geometry":{"type":"Point","coordinates":[72.846,19.17]}},{"type":"Feature","properties":{"n":"Umerkhadi","s":"khadi","lem":"khadi","m":"Creek / tidal inlet","l":"Marathi","lf":"Indo-Aryan","cf":"red","sc":"hydrology","sg":"water","cn":"attested","brand":0,"sh":5,"gsrc":"point","lat":18.960159,"lon":72.834549},"geometry":{"type":"Point","coordinates":[72.834549,18.960159]}},{"type":"Feature","properties":{"n":"Union Park","s":"park","lem":"park","m":"Park","l":"English","lf":"English","cf":"blue","sc":"flora_agriculture","sg":"land","cn":"attested","brand":0,"sh":5,"gsrc":"point","lat":19.07189,"lon":72.824446},"geometry":{"type":"Point","coordinates":[72.824446,19.07189]}},{"type":"Feature","properties":{"n":"Unnat Nagar","s":"nagar","lem":"nagar","m":"City","l":"Sanskrit","lf":"Indo-Aryan","cf":"red","sc":"settlement","sg":"settlement","cn":"attested","brand":0,"sh":0,"gsrc":"point","lat":19.1619,"lon":72.8425},"geometry":{"type":"Point","coordinates":[72.8425,19.1619]}},{"type":"Feature","properties":{"n":"Upper Trombay","s":"\u2014","lem":"Simplex","m":"Single morpheme, no suffix","l":"Pre-suffixal","lf":"Other","cf":"grey","sc":"simplex","sg":"simplex","cn":"attested","brand":0,"sh":0,"gsrc":"point","lat":19.036459,"lon":72.950894},"geometry":{"type":"Point","coordinates":[72.950894,19.036459]}},{"type":"Feature","properties":{"n":"Utkarsha Nagar","s":"nagar","lem":"nagar","m":"City","l":"Sanskrit","lf":"Indo-Aryan","cf":"red","sc":"settlement","sg":"settlement","cn":"attested","brand":0,"sh":0,"gsrc":"point","lat":19.084403,"lon":72.850359},"geometry":{"type":"Point","coordinates":[72.850359,19.084403]}},{"type":"Feature","properties":{"n":"Vagri Wada","s":"wada","lem":"wada","m":"Ground surrounded by large structures","l":"Marathi","lf":"Indo-Aryan","cf":"red","sc":"dwelling","sg":"built_social","cn":"attested","brand":0,"sh":2,"gsrc":"point","lat":19.085209,"lon":72.849335},"geometry":{"type":"Point","coordinates":[72.849335,19.085209]}},{"type":"Feature","properties":{"n":"Vaidya Nagar","s":"nagar","lem":"nagar","m":"City","l":"Sanskrit","lf":"Indo-Aryan","cf":"red","sc":"settlement","sg":"settlement","cn":"attested","brand":0,"sh":0,"gsrc":"point","lat":19.051907,"lon":72.830831},"geometry":{"type":"Point","coordinates":[72.830831,19.051907]}},{"type":"Feature","properties":{"n":"Vaishali Nagar","s":"nagar","lem":"nagar","m":"City","l":"Sanskrit","lf":"Indo-Aryan","cf":"red","sc":"settlement","sg":"settlement","cn":"attested","brand":0,"sh":0,"gsrc":"point","lat":19.185558,"lon":72.947057},"geometry":{"type":"Point","coordinates":[72.947057,19.185558]}},{"type":"Feature","properties":{"n":"Vaishali Nagar","s":"nagar","lem":"nagar","m":"City","l":"Sanskrit","lf":"Indo-Aryan","cf":"red","sc":"settlement","sg":"settlement","cn":"attested","brand":0,"sh":0,"gsrc":"point","lat":19.2546,"lon":72.8727},"geometry":{"type":"Point","coordinates":[72.8727,19.2546]}},{"type":"Feature","properties":{"n":"Vaithara Nagar","s":"nagar","lem":"nagar","m":"City","l":"Sanskrit","lf":"Indo-Aryan","cf":"red","sc":"settlement","sg":"settlement","cn":"attested","brand":0,"sh":0,"gsrc":"point","lat":19.166124,"lon":72.948887},"geometry":{"type":"Point","coordinates":[72.948887,19.166124]}},{"type":"Feature","properties":{"n":"Vakola","s":"\u2014","lem":"Simplex","m":"Single morpheme, no suffix","l":"Pre-suffixal","lf":"Other","cf":"grey","sc":"simplex","sg":"simplex","cn":"attested","brand":0,"sh":0,"gsrc":"point","lat":19.081363,"lon":72.853893},"geometry":{"type":"Point","coordinates":[72.853893,19.081363]}},{"type":"Feature","properties":{"n":"Vakola Village","s":"village","lem":"village","m":"Village","l":"English","lf":"English","cf":"blue","sc":"settlement","sg":"settlement","cn":"attested","brand":0,"sh":4,"gsrc":"point","lat":19.079944,"lon":72.856318},"geometry":{"type":"Point","coordinates":[72.856318,19.079944]}},{"type":"Feature","properties":{"n":"Varsha Nagar","s":"nagar","lem":"nagar","m":"City","l":"Sanskrit","lf":"Indo-Aryan","cf":"red","sc":"settlement","sg":"settlement","cn":"attested","brand":0,"sh":0,"gsrc":"point","lat":19.108824,"lon":72.914839},"geometry":{"type":"Point","coordinates":[72.914839,19.108824]}},{"type":"Feature","properties":{"n":"Vasant Nagar","s":"nagar","lem":"nagar","m":"City","l":"Sanskrit","lf":"Indo-Aryan","cf":"red","sc":"settlement","sg":"settlement","cn":"attested","brand":0,"sh":0,"gsrc":"point","lat":19.109405,"lon":72.917369},"geometry":{"type":"Point","coordinates":[72.917369,19.109405]}},{"type":"Feature","properties":{"n":"Vashi Village","s":"village","lem":"village","m":"Village","l":"English","lf":"English","cf":"blue","sc":"settlement","sg":"settlement","cn":"attested","brand":0,"sh":4,"gsrc":"point","lat":19.031876,"lon":72.888215},"geometry":{"type":"Point","coordinates":[72.888215,19.031876]}},{"type":"Feature","properties":{"n":"Veena Nagar","s":"nagar","lem":"nagar","m":"City","l":"Sanskrit","lf":"Indo-Aryan","cf":"red","sc":"settlement","sg":"settlement","cn":"attested","brand":0,"sh":0,"gsrc":"point","lat":19.182705,"lon":72.945191},"geometry":{"type":"Point","coordinates":[72.945191,19.182705]}},{"type":"Feature","properties":{"n":"Veer Sambhaji Nagar","s":"nagar","lem":"nagar","m":"City","l":"Sanskrit","lf":"Indo-Aryan","cf":"red","sc":"settlement","sg":"settlement","cn":"attested","brand":0,"sh":0,"gsrc":"point","lat":19.171402,"lon":72.938211},"geometry":{"type":"Point","coordinates":[72.938211,19.171402]}},{"type":"Feature","properties":{"n":"Versova","s":"\u2014","lem":"Simplex","m":"Single morpheme, no suffix","l":"Pre-suffixal","lf":"Other","cf":"grey","sc":"simplex","sg":"simplex","cn":"attested","brand":0,"sh":0,"gsrc":"point","lat":19.130984,"lon":72.818735},"geometry":{"type":"Point","coordinates":[72.818735,19.130984]}},{"type":"Feature","properties":{"n":"Versova Koliwada","s":"koliwada","lem":"koliwada","m":"Koli fishing settlement","l":"Marathi","lf":"Indo-Aryan","cf":"red","sc":"settlement","sg":"settlement","cn":"attested","brand":0,"sh":4,"gsrc":"point","lat":19.142287,"lon":72.805196},"geometry":{"type":"Point","coordinates":[72.805196,19.142287]}},{"type":"Feature","properties":{"n":"VES HOSTEL","s":"Other","lem":"Other","m":"Unresolved","l":"Unknown","lf":"Other","cf":"grey","sc":"other","sg":"unresolved","cn":"unresolved","brand":0,"sh":5,"gsrc":"point","lat":19.045899,"lon":72.890469},"geometry":{"type":"Point","coordinates":[72.890469,19.045899]}},{"type":"Feature","properties":{"n":"Vidya Nagari","s":"nagari","lem":"nagar","m":"City","l":"Hindi","lf":"Indo-Aryan","cf":"red","sc":"settlement","sg":"settlement","cn":"attested","brand":0,"sh":0,"gsrc":"point","lat":19.073281,"lon":72.862554},"geometry":{"type":"Point","coordinates":[72.862554,19.073281]}},{"type":"Feature","properties":{"n":"Vidya Vihar East","s":"east","lem":"east","m":"Direction","l":"English","lf":"English","cf":"blue","sc":"planned_administrative","sg":"planned_admin","cn":"attested","brand":0,"sh":5,"gsrc":"point","lat":19.077734,"lon":72.900354},"geometry":{"type":"Point","coordinates":[72.900354,19.077734]}},{"type":"Feature","properties":{"n":"Vidya Vihar West","s":"west","lem":"west","m":"Direction","l":"English","lf":"English","cf":"blue","sc":"planned_administrative","sg":"planned_admin","cn":"attested","brand":0,"sh":5,"gsrc":"point","lat":19.081297,"lon":72.894854},"geometry":{"type":"Point","coordinates":[72.894854,19.081297]}},{"type":"Feature","properties":{"n":"Vijay Nagar","s":"nagar","lem":"nagar","m":"City","l":"Sanskrit","lf":"Indo-Aryan","cf":"red","sc":"settlement","sg":"settlement","cn":"attested","brand":0,"sh":0,"gsrc":"point","lat":19.029517,"lon":72.872744},"geometry":{"type":"Point","coordinates":[72.872744,19.029517]}},{"type":"Feature","properties":{"n":"Vijay Nagar","s":"nagar","lem":"nagar","m":"City","l":"Sanskrit","lf":"Indo-Aryan","cf":"red","sc":"settlement","sg":"settlement","cn":"attested","brand":0,"sh":0,"gsrc":"point","lat":19.044577,"lon":72.890128},"geometry":{"type":"Point","coordinates":[72.890128,19.044577]}},{"type":"Feature","properties":{"n":"Vijay Nagar","s":"nagar","lem":"nagar","m":"City","l":"Sanskrit","lf":"Indo-Aryan","cf":"red","sc":"settlement","sg":"settlement","cn":"attested","brand":0,"sh":0,"gsrc":"point","lat":19.121531,"lon":72.879669},"geometry":{"type":"Point","coordinates":[72.879669,19.121531]}},{"type":"Feature","properties":{"n":"Vijay Nagar","s":"nagar","lem":"nagar","m":"City","l":"Sanskrit","lf":"Indo-Aryan","cf":"red","sc":"settlement","sg":"settlement","cn":"attested","brand":0,"sh":0,"gsrc":"point","lat":19.169253,"lon":72.953006},"geometry":{"type":"Point","coordinates":[72.953006,19.169253]}},{"type":"Feature","properties":{"n":"Vikhroli East","s":"east","lem":"east","m":"Direction","l":"English","lf":"English","cf":"blue","sc":"planned_administrative","sg":"planned_admin","cn":"attested","brand":0,"sh":5,"gsrc":"point","lat":19.117259,"lon":72.935519},"geometry":{"type":"Point","coordinates":[72.935519,19.117259]}},{"type":"Feature","properties":{"n":"Vikhroli Gaon","s":"gaon","lem":"gaon","m":"Village","l":"Marathi","lf":"Indo-Aryan","cf":"red","sc":"settlement","sg":"settlement","cn":"attested","brand":0,"sh":5,"gsrc":"point","lat":19.104803,"lon":72.928902},"geometry":{"type":"Point","coordinates":[72.928902,19.104803]}},{"type":"Feature","properties":{"n":"Vikhroli West","s":"west","lem":"west","m":"Direction","l":"English","lf":"English","cf":"blue","sc":"planned_administrative","sg":"planned_admin","cn":"attested","brand":0,"sh":5,"gsrc":"point","lat":19.114541,"lon":72.925718},"geometry":{"type":"Point","coordinates":[72.925718,19.114541]}},{"type":"Feature","properties":{"n":"Vile Parle West","s":"west","lem":"west","m":"Direction","l":"English","lf":"English","cf":"blue","sc":"planned_administrative","sg":"planned_admin","cn":"attested","brand":0,"sh":5,"gsrc":"point","lat":19.103908,"lon":72.840301},"geometry":{"type":"Point","coordinates":[72.840301,19.103908]}},{"type":"Feature","properties":{"n":"Vishnu Nagar","s":"nagar","lem":"nagar","m":"City","l":"Sanskrit","lf":"Indo-Aryan","cf":"red","sc":"settlement","sg":"settlement","cn":"attested","brand":0,"sh":0,"gsrc":"point","lat":19.025,"lon":72.906168},"geometry":{"type":"Point","coordinates":[72.906168,19.025]}},{"type":"Feature","properties":{"n":"Vithal Nagar","s":"nagar","lem":"nagar","m":"City","l":"Sanskrit","lf":"Indo-Aryan","cf":"red","sc":"settlement","sg":"settlement","cn":"attested","brand":0,"sh":0,"gsrc":"point","lat":19.110917,"lon":72.828986},"geometry":{"type":"Point","coordinates":[72.828986,19.110917]}},{"type":"Feature","properties":{"n":"Vithaldas Nagar","s":"nagar","lem":"nagar","m":"City","l":"Sanskrit","lf":"Indo-Aryan","cf":"red","sc":"settlement","sg":"settlement","cn":"attested","brand":0,"sh":0,"gsrc":"point","lat":19.076153,"lon":72.831914},"geometry":{"type":"Point","coordinates":[72.831914,19.076153]}},{"type":"Feature","properties":{"n":"VSNL Colony","s":"colony","lem":"colony","m":"Settlement","l":"English","lf":"English","cf":"blue","sc":"planned_administrative","sg":"planned_admin","cn":"attested","brand":0,"sh":1,"gsrc":"point","lat":19.032518,"lon":72.844025},"geometry":{"type":"Point","coordinates":[72.844025,19.032518]}},{"type":"Feature","properties":{"n":"Wadala","s":"\u2014","lem":"Simplex","m":"Single morpheme, no suffix","l":"Pre-suffixal","lf":"Other","cf":"grey","sc":"simplex","sg":"simplex","cn":"attested","brand":0,"sh":0,"gsrc":"point","lat":19.026919,"lon":72.875934},"geometry":{"type":"Point","coordinates":[72.875934,19.026919]}},{"type":"Feature","properties":{"n":"Wadala Village","s":"village","lem":"village","m":"Village","l":"English","lf":"English","cf":"blue","sc":"settlement","sg":"settlement","cn":"attested","brand":0,"sh":4,"gsrc":"point","lat":19.015878,"lon":72.855073},"geometry":{"type":"Point","coordinates":[72.855073,19.015878]}},{"type":"Feature","properties":{"n":"Wadavli Village","s":"village","lem":"village","m":"Village","l":"English","lf":"English","cf":"blue","sc":"settlement","sg":"settlement","cn":"attested","brand":0,"sh":4,"gsrc":"point","lat":19.045266,"lon":72.900647},"geometry":{"type":"Point","coordinates":[72.900647,19.045266]}},{"type":"Feature","properties":{"n":"Wadi Bandar","s":"bandar","lem":"bandar","m":"Harbor / Port","l":"Marathi","lf":"Indo-Aryan","cf":"red","sc":"infrastructure","sg":"built_social","cn":"attested","brand":0,"sh":5,"gsrc":"point","lat":18.956646,"lon":72.841101},"geometry":{"type":"Point","coordinates":[72.841101,18.956646]}},{"type":"Feature","properties":{"n":"Wanjawadi","s":"wadi","lem":"wada","m":"Ground surrounded by large structures","l":"Marathi","lf":"Indo-Aryan","cf":"red","sc":"dwelling","sg":"built_social","cn":"attested","brand":0,"sh":2,"gsrc":"point","lat":19.037439,"lon":72.841477},"geometry":{"type":"Point","coordinates":[72.841477,19.037439]}},{"type":"Feature","properties":{"n":"Willingdon","s":"Other","lem":"Other","m":"Unresolved","l":"Unknown","lf":"Other","cf":"grey","sc":"other","sg":"unresolved","cn":"unresolved","brand":0,"sh":5,"gsrc":"point","lat":19.078233,"lon":72.839313},"geometry":{"type":"Point","coordinates":[72.839313,19.078233]}},{"type":"Feature","properties":{"n":"Worli","s":"\u2014","lem":"Simplex","m":"Single morpheme, no suffix","l":"Pre-suffixal","lf":"Other","cf":"grey","sc":"simplex","sg":"simplex","cn":"attested","brand":0,"sh":0,"gsrc":"point","lat":19.011739,"lon":72.817871},"geometry":{"type":"Point","coordinates":[72.817871,19.011739]}},{"type":"Feature","properties":{"n":"Worli Koliwada","s":"koliwada","lem":"koliwada","m":"Koli fishing settlement","l":"Marathi","lf":"Indo-Aryan","cf":"red","sc":"settlement","sg":"settlement","cn":"attested","brand":0,"sh":4,"gsrc":"point","lat":19.021561,"lon":72.817356},"geometry":{"type":"Point","coordinates":[72.817356,19.021561]}},{"type":"Feature","properties":{"n":"Yamuna Nagar","s":"nagar","lem":"nagar","m":"City","l":"Sanskrit","lf":"Indo-Aryan","cf":"red","sc":"settlement","sg":"settlement","cn":"attested","brand":0,"sh":0,"gsrc":"point","lat":19.148125,"lon":72.827599},"geometry":{"type":"Point","coordinates":[72.827599,19.148125]}},{"type":"Feature","properties":{"n":"Yashodham","s":"dham","lem":"dham","m":"Divine abode","l":"Sanskrit","lf":"Indo-Aryan","cf":"red","sc":"religious","sg":"built_social","cn":"attested","brand":0,"sh":5,"gsrc":"point","lat":19.172364,"lon":72.855027},"geometry":{"type":"Point","coordinates":[72.855027,19.172364]}},{"type":"Feature","properties":{"n":"Yashwant Nagar","s":"nagar","lem":"nagar","m":"City","l":"Sanskrit","lf":"Indo-Aryan","cf":"red","sc":"settlement","sg":"settlement","cn":"attested","brand":0,"sh":0,"gsrc":"point","lat":19.077216,"lon":72.85413},"geometry":{"type":"Point","coordinates":[72.85413,19.077216]}},{"type":"Feature","properties":{"n":"Yogi Hills","s":"hills","lem":"hill","m":"Hill","l":"English","lf":"English","cf":"blue","sc":"topography","sg":"land","cn":"attested","brand":0,"sh":5,"gsrc":"osm_place","lat":19.184322,"lon":72.939974},"geometry":{"type":"Polygon","coordinates":[[[72.93895,19.18205],[72.93938,19.18321],[72.93989,19.18386],[72.93887,19.18454],[72.93892,19.18462],[72.93841,19.18494],[72.93756,19.18494],[72.93723,19.18439],[72.93695,19.18382],[72.9374,19.18299],[72.93724,19.18262],[72.93895,19.18205]]]}}]}